2026-02-26 12:38:34,168 [INFO] Activator:176 - 


2026-02-26 12:38:34,172 [INFO] Activator:177 - !SESSION log4j initialized
2026-02-26 12:38:38,320 [INFO] LogOutputStream:77 - [STDOUT_REDIRECT] 
2026-02-26 12:38:38,590 [ERROR] LogOutputStream:75 - [STDERR_REDIRECT] 
2026-02-26 12:38:40,163 [INFO] LogOutputStream:77 - [STDOUT_REDIRECT] 
2026-02-26 12:38:41,247 [INFO] ApplicationProperties:184 - Using Application install path: /Applications/STM32CubeIDE.app/Contents/Eclipse/plugins/com.st.stm32cube.common.mx_6.15.0.202507011659
2026-02-26 12:38:41,258 [INFO] DbMcusXml:78 - Set database path to: /Applications/STM32CubeIDE.app/Contents/Eclipse/plugins/com.st.stm32cube.common.mx_6.15.0.202507011659//db//mcu/
2026-02-26 12:38:41,258 [INFO] ApiDb:274 - Set plugin database path to: /Applications/STM32CubeIDE.app/Contents/Eclipse/plugins/com.st.stm32cube.common.mx_6.15.0.202507011659//db//plugins/boardmanager/
2026-02-26 12:38:41,258 [WARN] ApiDb:259 - Overriding images path with different value:  => /Applications/STM32CubeIDE.app/Contents/Eclipse/plugins/com.st.stm32cube.common.mx_6.15.0.202507011659//db//plugins/mcufinder/images/
2026-02-26 12:38:41,264 [INFO] ApiDb:250 - Set database path to: /Users/amanda/.stmcufinder/plugins/mcufinder//mcu/
2026-02-26 12:38:41,265 [INFO] DbMcusAds:125 - Set database path to: /Users/amanda/.stmcufinder/plugins/mcufinder//mcu/
2026-02-26 12:38:41,269 [INFO] CrossReferenceDbSqlite:203 - Set database path to: /Users/amanda/.stmcufinder/plugins/mcufinder//mcu/cs/
2026-02-26 12:38:41,385 [INFO] RulesReader:64 - Compatibility file has been processed (317 Rules)
2026-02-26 12:38:41,431 [INFO] DbMcusXml:78 - Set database path to: /Applications/STM32CubeIDE.app/Contents/Eclipse/plugins/com.st.stm32cube.common.mx_6.15.0.202507011659//db//mcu/
2026-02-26 12:38:41,431 [INFO] ApiDb:274 - Set plugin database path to: /Applications/STM32CubeIDE.app/Contents/Eclipse/plugins/com.st.stm32cube.common.mx_6.15.0.202507011659//db//plugins/boardmanager/
2026-02-26 12:38:41,431 [INFO] ApiDb:261 - Set plugin images path to: /Applications/STM32CubeIDE.app/Contents/Eclipse/plugins/com.st.stm32cube.common.mx_6.15.0.202507011659//db//plugins/mcufinder/images/
2026-02-26 12:38:41,432 [WARN] DbFile:41 - Overriding database path with different value: /Users/amanda/.stmcufinder/plugins/mcufinder/ => /Users/amanda/.stmcufinder/plugins/mcufinder
2026-02-26 12:38:41,432 [INFO] ApiDb:250 - Set database path to: /Users/amanda/.stmcufinder/plugins/mcufinder//mcu/
2026-02-26 12:38:41,432 [WARN] DbFile:41 - Overriding database path with different value: /Users/amanda/.stmcufinder/plugins/mcufinder/ => /Users/amanda/.stmcufinder/plugins/mcufinder
2026-02-26 12:38:41,432 [INFO] DbMcusAds:125 - Set database path to: /Users/amanda/.stmcufinder/plugins/mcufinder//mcu/
2026-02-26 12:38:41,432 [WARN] DbFile:41 - Overriding database path with different value: /Users/amanda/.stmcufinder/plugins/mcufinder/ => /Users/amanda/.stmcufinder/plugins/mcufinder
2026-02-26 12:38:41,432 [WARN] DbFile:41 - Overriding database path with different value: /Users/amanda/.stmcufinder/plugins/mcufinder/ => /Users/amanda/.stmcufinder/plugins/mcufinder
2026-02-26 12:38:41,432 [INFO] CrossReferenceDbSqlite:203 - Set database path to: /Users/amanda/.stmcufinder/plugins/mcufinder//mcu/cs/
2026-02-26 12:38:41,485 [INFO] MainPanel:274 - HeapMemory: 268435456
2026-02-26 12:38:41,816 [INFO] DbMcusXml:78 - Set database path to: /Applications/STM32CubeIDE.app/Contents/Eclipse/plugins/com.st.stm32cube.common.mx_6.15.0.202507011659//db//mcu/
2026-02-26 12:38:41,817 [INFO] ApiDb:274 - Set plugin database path to: /Applications/STM32CubeIDE.app/Contents/Eclipse/plugins/com.st.stm32cube.common.mx_6.15.0.202507011659//db//plugins/boardmanager/
2026-02-26 12:38:41,817 [INFO] ApiDb:261 - Set plugin images path to: /Applications/STM32CubeIDE.app/Contents/Eclipse/plugins/com.st.stm32cube.common.mx_6.15.0.202507011659//db//plugins/mcufinder/images/
2026-02-26 12:38:41,817 [WARN] DbFile:41 - Overriding database path with different value: /Users/amanda/.stmcufinder/plugins/mcufinder/ => /Users/amanda/.stmcufinder/plugins/mcufinder
2026-02-26 12:38:41,817 [INFO] ApiDb:250 - Set database path to: /Users/amanda/.stmcufinder/plugins/mcufinder//mcu/
2026-02-26 12:38:41,817 [WARN] DbFile:41 - Overriding database path with different value: /Users/amanda/.stmcufinder/plugins/mcufinder/ => /Users/amanda/.stmcufinder/plugins/mcufinder
2026-02-26 12:38:41,817 [INFO] DbMcusAds:125 - Set database path to: /Users/amanda/.stmcufinder/plugins/mcufinder//mcu/
2026-02-26 12:38:41,817 [WARN] DbFile:41 - Overriding database path with different value: /Users/amanda/.stmcufinder/plugins/mcufinder/ => /Users/amanda/.stmcufinder/plugins/mcufinder
2026-02-26 12:38:41,817 [WARN] DbFile:41 - Overriding database path with different value: /Users/amanda/.stmcufinder/plugins/mcufinder/ => /Users/amanda/.stmcufinder/plugins/mcufinder
2026-02-26 12:38:41,817 [INFO] CrossReferenceDbSqlite:203 - Set database path to: /Users/amanda/.stmcufinder/plugins/mcufinder//mcu/cs/
2026-02-26 12:38:41,831 [INFO] ApplicationProperties:184 - Using Application install path: /Applications/STM32CubeIDE.app/Contents/Eclipse/plugins/com.st.stm32cube.common.mx_6.15.0.202507011659
2026-02-26 12:38:41,833 [INFO] PluginManage:196 - Search for loadable plugins [exclusion list=, ]
2026-02-26 12:38:41,834 [INFO] PluginManage:310 - Check plugin analytics
2026-02-26 12:38:41,993 [INFO] AnalyticsPlugin:253 - Accepted Software Licenses: 
2026-02-26 12:38:41,993 [INFO] AnalyticsPlugin:255 - Accepted CMSIS Pack Licenses: 
2026-02-26 12:38:41,994 [INFO] AnalyticsPlugin:257 - Accepted Firmware Licenses: 
2026-02-26 12:38:41,997 [INFO] PluginManage:359 - Loaded plugin analytics (category:tool,tabindex:-1)
2026-02-26 12:38:41,998 [INFO] PluginManage:310 - Check plugin cadmodel
2026-02-26 12:38:42,008 [INFO] CADModel:105 - Init CAD model plugin
2026-02-26 12:38:42,008 [INFO] PluginManage:359 - Loaded plugin cadmodel (category:power,tabindex:5)
2026-02-26 12:38:42,008 [INFO] PluginManage:310 - Check plugin clock
2026-02-26 12:38:42,016 [INFO] PluginManage:359 - Loaded plugin clock (category:base,tabindex:2)
2026-02-26 12:38:42,016 [INFO] PluginManage:310 - Check plugin ddr
2026-02-26 12:38:42,017 [INFO] PluginManage:359 - Loaded plugin ddr (category:tool,tabindex:6)
2026-02-26 12:38:42,017 [INFO] PluginManage:310 - Check plugin filemanager
2026-02-26 12:38:42,133 [INFO] PluginManage:359 - Loaded plugin filemanager (category:base,tabindex:10)
2026-02-26 12:38:42,134 [INFO] PluginManage:310 - Check plugin ipmanager
2026-02-26 12:38:42,139 [INFO] PluginManage:359 - Loaded plugin ipmanager (category:base,tabindex:5)
2026-02-26 12:38:42,139 [INFO] PluginManage:310 - Check plugin lpbam
2026-02-26 12:38:42,147 [INFO] PluginManage:359 - Loaded plugin lpbam (category:base,tabindex:0)
2026-02-26 12:38:42,147 [INFO] PluginManage:310 - Check plugin memorymap
2026-02-26 12:38:42,153 [INFO] PluginManage:359 - Loaded plugin memorymap (category:base,tabindex:4)
2026-02-26 12:38:42,154 [INFO] PluginManage:310 - Check plugin pinoutandconfiguration
2026-02-26 12:38:42,163 [INFO] PluginManage:359 - Loaded plugin pinoutandconfiguration (category:base,tabindex:1)
2026-02-26 12:38:42,164 [INFO] PluginManage:310 - Check plugin pinoutconfig
2026-02-26 12:38:42,228 [WARN] SupportedApi:132 - Cannot load RTOS API schema: s4s-elt-must-match.1: The content of 'definitions' must match (annotation?, (simpleType | complexType)?, (unique | key | keyref)*)). A problem was found starting at: attribute.
2026-02-26 12:38:42,329 [INFO] PluginManage:359 - Loaded plugin pinoutconfig (category:base,tabindex:0)
2026-02-26 12:38:42,329 [INFO] PluginManage:310 - Check plugin power
2026-02-26 12:38:42,338 [INFO] PluginManage:359 - Loaded plugin power (category:power,tabindex:4)
2026-02-26 12:38:42,338 [INFO] PluginManage:310 - Check plugin projectmanager
2026-02-26 12:38:42,354 [INFO] PluginManage:359 - Loaded plugin projectmanager (category:projectmanager,tabindex:4)
2026-02-26 12:38:42,355 [INFO] PluginManage:310 - Check plugin rif
2026-02-26 12:38:42,361 [INFO] PluginManage:359 - Loaded plugin rif (category:base,tabindex:3)
2026-02-26 12:38:42,362 [INFO] PluginManage:310 - Check plugin thirdparty
2026-02-26 12:38:42,472 [INFO] PluginManage:359 - Loaded plugin thirdparty (category:base,tabindex:-1)
2026-02-26 12:38:42,472 [INFO] PluginManage:310 - Check plugin tools
2026-02-26 12:38:42,471 [WARN] IntegrityCheckThread:84 - waiting for thirdparty lock release [integrity check]
2026-02-26 12:38:42,474 [INFO] IntegrityCheckThread:86 - entering critical section [integrity check]
2026-02-26 12:38:42,474 [INFO] ThirdPartyUpdaterWithRetryManager:70 - Updater plugin not ready yet. [1/15]
2026-02-26 12:38:42,475 [INFO] PluginManage:359 - Loaded plugin tools (category:base,tabindex:7)
2026-02-26 12:38:42,475 [INFO] PluginManage:310 - Check plugin tutovideos
2026-02-26 12:38:42,612 [INFO] PluginManage:359 - Loaded plugin tutovideos (category:base,tabindex:-1)
2026-02-26 12:38:42,612 [INFO] PluginManage:310 - Check plugin updater
2026-02-26 12:38:42,632 [INFO] PluginManage:359 - Loaded plugin updater (category:base,tabindex:12)
2026-02-26 12:38:42,632 [INFO] PluginManage:310 - Check plugin userauth
2026-02-26 12:38:42,637 [INFO] UserAuth:118 - Init User Auth plugin
2026-02-26 12:38:42,637 [INFO] PluginManage:359 - Loaded plugin userauth (category:base,tabindex:14)
2026-02-26 12:38:42,638 [INFO] PluginManage:283 - PluginManage : Loaded plugins [18]
2026-02-26 12:38:42,823 [INFO] PinOutPanel:1589 - setPackage(No Configuration,No Configuration)
2026-02-26 12:38:42,880 [INFO] CADModel:165 - CPN selected for project level
2026-02-26 12:38:42,880 [INFO] CADModel:114 - Register for checkConnection events
2026-02-26 12:38:42,889 [INFO] IPUIPlugin:80 - create IPUIPlugin
2026-02-26 12:38:42,890 [INFO] PluginManager:220 - loadIPPluginJar : add mdma
2026-02-26 12:38:42,893 [INFO] IPUIPlugin:80 - create IPUIPlugin
2026-02-26 12:38:42,894 [INFO] PluginManager:220 - loadIPPluginJar : add freertos
2026-02-26 12:38:42,896 [INFO] IPUIPlugin:80 - create IPUIPlugin
2026-02-26 12:38:42,896 [INFO] PluginManager:220 - loadIPPluginJar : add gic
2026-02-26 12:38:42,901 [INFO] IPUIPlugin:80 - create IPUIPlugin
2026-02-26 12:38:42,902 [INFO] PluginManager:220 - loadIPPluginJar : add adc
2026-02-26 12:38:42,903 [INFO] IPUIPlugin:80 - create IPUIPlugin
2026-02-26 12:38:42,903 [INFO] PluginManager:220 - loadIPPluginJar : add gtzc
2026-02-26 12:38:42,903 [INFO] IPUIPlugin:80 - create IPUIPlugin
2026-02-26 12:38:42,904 [INFO] PluginManager:220 - loadIPPluginJar : add quadspi
2026-02-26 12:38:42,904 [INFO] IPUIPlugin:80 - create IPUIPlugin
2026-02-26 12:38:42,904 [INFO] PluginManager:220 - loadIPPluginJar : add aes
2026-02-26 12:38:42,905 [INFO] IPUIPlugin:80 - create IPUIPlugin
2026-02-26 12:38:42,905 [INFO] PluginManager:220 - loadIPPluginJar : add pdm2pcm
2026-02-26 12:38:42,906 [INFO] IPUIPlugin:80 - create IPUIPlugin
2026-02-26 12:38:42,906 [INFO] PluginManager:220 - loadIPPluginJar : add hash
2026-02-26 12:38:42,907 [INFO] IPUIPlugin:80 - create IPUIPlugin
2026-02-26 12:38:42,907 [INFO] PluginManager:220 - loadIPPluginJar : add tim
2026-02-26 12:38:42,907 [INFO] IPUIPlugin:80 - create IPUIPlugin
2026-02-26 12:38:42,907 [INFO] PluginManager:220 - loadIPPluginJar : add tsc
2026-02-26 12:38:42,909 [INFO] IPUIPlugin:80 - create IPUIPlugin
2026-02-26 12:38:42,909 [INFO] PluginManager:220 - loadIPPluginJar : add extmemmanager
2026-02-26 12:38:42,910 [INFO] IPUIPlugin:80 - create IPUIPlugin
2026-02-26 12:38:42,910 [INFO] PluginManager:220 - loadIPPluginJar : add ts
2026-02-26 12:38:42,910 [INFO] IPUIPlugin:80 - create IPUIPlugin
2026-02-26 12:38:42,910 [INFO] PluginManager:220 - loadIPPluginJar : add radio
2026-02-26 12:38:42,911 [INFO] IPUIPlugin:80 - create IPUIPlugin
2026-02-26 12:38:42,911 [INFO] PluginManager:220 - loadIPPluginJar : add can
2026-02-26 12:38:42,913 [INFO] IPUIPlugin:80 - create IPUIPlugin
2026-02-26 12:38:42,913 [INFO] PluginManager:220 - loadIPPluginJar : add dma3
2026-02-26 12:38:42,914 [INFO] IPUIPlugin:80 - create IPUIPlugin
2026-02-26 12:38:42,914 [INFO] PluginManager:220 - loadIPPluginJar : add dfsdm
2026-02-26 12:38:42,915 [INFO] IPUIPlugin:80 - create IPUIPlugin
2026-02-26 12:38:42,915 [INFO] PluginManager:220 - loadIPPluginJar : add spi
2026-02-26 12:38:42,915 [INFO] IPUIPlugin:80 - create IPUIPlugin
2026-02-26 12:38:42,916 [INFO] PluginManager:220 - loadIPPluginJar : add gfxmmu
2026-02-26 12:38:42,916 [INFO] IPUIPlugin:80 - create IPUIPlugin
2026-02-26 12:38:42,917 [INFO] PluginManager:220 - loadIPPluginJar : add genericplugin
2026-02-26 12:38:42,917 [INFO] IPUIPlugin:80 - create IPUIPlugin
2026-02-26 12:38:42,917 [INFO] PluginManager:220 - loadIPPluginJar : add cryp
2026-02-26 12:38:42,920 [INFO] IPUIPlugin:80 - create IPUIPlugin
2026-02-26 12:38:42,920 [INFO] PluginManager:220 - loadIPPluginJar : add gpio
2026-02-26 12:38:42,922 [INFO] IPUIPlugin:80 - create IPUIPlugin
2026-02-26 12:38:42,922 [INFO] PluginManager:220 - loadIPPluginJar : add ddr_ctrl_phy
2026-02-26 12:38:42,923 [INFO] IPUIPlugin:80 - create IPUIPlugin
2026-02-26 12:38:42,923 [INFO] PluginManager:220 - loadIPPluginJar : add comp
2026-02-26 12:38:42,924 [INFO] IPUIPlugin:80 - create IPUIPlugin
2026-02-26 12:38:42,925 [INFO] PluginManager:220 - loadIPPluginJar : add tracer_emb
2026-02-26 12:38:42,926 [INFO] IPUIPlugin:80 - create IPUIPlugin
2026-02-26 12:38:42,926 [INFO] PluginManager:220 - loadIPPluginJar : add openamp
2026-02-26 12:38:42,928 [INFO] IPUIPlugin:80 - create IPUIPlugin
2026-02-26 12:38:42,928 [INFO] PluginManager:220 - loadIPPluginJar : add stm32_wpan
2026-02-26 12:38:42,931 [INFO] IPUIPlugin:80 - create IPUIPlugin
2026-02-26 12:38:42,932 [INFO] PluginManager:220 - loadIPPluginJar : add plateformsettings
2026-02-26 12:38:42,934 [INFO] IPUIPlugin:80 - create IPUIPlugin
2026-02-26 12:38:42,934 [INFO] PluginManager:220 - loadIPPluginJar : add ipddr
2026-02-26 12:38:42,935 [INFO] IPUIPlugin:80 - create IPUIPlugin
2026-02-26 12:38:42,935 [INFO] PluginManager:220 - loadIPPluginJar : add usart
2026-02-26 12:38:42,936 [INFO] IPUIPlugin:80 - create IPUIPlugin
2026-02-26 12:38:42,936 [INFO] PluginManager:220 - loadIPPluginJar : add ltdc
2026-02-26 12:38:42,938 [INFO] IPUIPlugin:80 - create IPUIPlugin
2026-02-26 12:38:42,938 [INFO] PluginManager:220 - loadIPPluginJar : add nvic
2026-02-26 12:38:42,939 [INFO] IPUIPlugin:80 - create IPUIPlugin
2026-02-26 12:38:42,939 [INFO] PluginManager:220 - loadIPPluginJar : add fatfs
2026-02-26 12:38:42,942 [INFO] IPUIPlugin:80 - create IPUIPlugin
2026-02-26 12:38:42,943 [INFO] PluginManager:220 - loadIPPluginJar : add linkedlist
2026-02-26 12:38:42,948 [INFO] IPUIPlugin:80 - create IPUIPlugin
2026-02-26 12:38:42,948 [INFO] PluginManager:220 - loadIPPluginJar : add dma
2026-02-26 12:38:42,949 [INFO] IPUIPlugin:80 - create IPUIPlugin
2026-02-26 12:38:42,949 [INFO] PluginManager:220 - loadIPPluginJar : add fmc
2026-02-26 12:38:42,950 [INFO] IPUIPlugin:80 - create IPUIPlugin
2026-02-26 12:38:42,951 [INFO] PluginManager:220 - loadIPPluginJar : add i2s
2026-02-26 12:38:42,951 [INFO] IPUIPlugin:80 - create IPUIPlugin
2026-02-26 12:38:42,951 [INFO] PluginManager:220 - loadIPPluginJar : add ucpd
2026-02-26 12:38:42,952 [INFO] IPUIPlugin:80 - create IPUIPlugin
2026-02-26 12:38:42,953 [INFO] PluginManager:220 - loadIPPluginJar : add lorawan
2026-02-26 12:38:42,953 [INFO] IPUIPlugin:80 - create IPUIPlugin
2026-02-26 12:38:42,954 [INFO] PluginManager:220 - loadIPPluginJar : add opamp
2026-02-26 12:38:42,955 [INFO] IPUIPlugin:80 - create IPUIPlugin
2026-02-26 12:38:42,955 [INFO] PluginManager:220 - loadIPPluginJar : add i3c
2026-02-26 12:38:42,956 [INFO] IPUIPlugin:80 - create IPUIPlugin
2026-02-26 12:38:42,956 [INFO] PluginManager:220 - loadIPPluginJar : add touchsensing
2026-02-26 12:38:42,957 [INFO] IPUIPlugin:80 - create IPUIPlugin
2026-02-26 12:38:42,957 [INFO] PluginManager:220 - loadIPPluginJar : add i2c
2026-02-26 12:38:42,959 [INFO] IPUIPlugin:80 - create IPUIPlugin
2026-02-26 12:38:42,959 [INFO] PluginManager:220 - loadIPPluginJar : add resmgrutility
2026-02-26 12:38:42,960 [INFO] IPUIPlugin:80 - create IPUIPlugin
2026-02-26 12:38:42,960 [INFO] PluginManager:220 - loadIPPluginJar : add sai
2026-02-26 12:38:42,962 [INFO] IPUIPlugin:80 - create IPUIPlugin
2026-02-26 12:38:42,962 [INFO] PluginManager:220 - loadIPPluginJar : add usbx
2026-02-26 12:38:43,064 [FATAL] Updater:351 - Updater called before beeing initialized
2026-02-26 12:38:43,104 [INFO] RulesReader:64 - Compatibility file has been processed (317 Rules)
2026-02-26 12:38:43,113 [INFO] RulesReader:64 - Compatibility file has been processed (317 Rules)
2026-02-26 12:38:43,121 [INFO] CADModel:165 - CPN selected for project level
2026-02-26 12:38:43,121 [INFO] CADModel:114 - Register for checkConnection events
2026-02-26 12:38:43,121 [FATAL] Updater:351 - Updater called before beeing initialized
2026-02-26 12:38:43,121 [ERROR] CADModel:125 - Updater not yet initialized, retry later 
2026-02-26 12:38:43,334 [FATAL] Updater:351 - Updater called before beeing initialized
2026-02-26 12:38:43,335 [INFO] CADModel:165 - CPN selected for project level
2026-02-26 12:38:43,335 [INFO] CADModel:114 - Register for checkConnection events
2026-02-26 12:38:43,335 [FATAL] Updater:351 - Updater called before beeing initialized
2026-02-26 12:38:43,335 [ERROR] CADModel:125 - Updater not yet initialized, retry later 
2026-02-26 12:38:43,337 [FATAL] Updater:351 - Updater called before beeing initialized
2026-02-26 12:38:43,463 [FATAL] Updater:351 - Updater called before beeing initialized
2026-02-26 12:38:43,467 [INFO] DbMcusAds:53 - JSON generation date=Thu Sep 30 08:55:09 CEST 2021 (1632984909247)
2026-02-26 12:38:43,468 [FATAL] Updater:351 - Updater called before beeing initialized
2026-02-26 12:38:43,517 [WARN] DetailPanel:346 - Failed to get advertising image, set to default
2026-02-26 12:38:43,572 [FATAL] Updater:351 - Updater called before beeing initialized
2026-02-26 12:38:43,575 [FATAL] Updater:351 - Updater called before beeing initialized
2026-02-26 12:38:43,575 [FATAL] Updater:351 - Updater called before beeing initialized
2026-02-26 12:38:43,575 [WARN] DetailPanel:346 - Failed to get advertising image, set to default
2026-02-26 12:38:43,577 [FATAL] Updater:351 - Updater called before beeing initialized
2026-02-26 12:38:43,618 [ERROR] Updater:1198 - MainUpdater not yet initialized. External WinMGr cannot be set.
2026-02-26 12:38:43,622 [INFO] Updater:1134 - Updater Version found : 6.15.0
2026-02-26 12:38:43,635 [INFO] ApplicationProperties:184 - Using Application install path: /Applications/STM32CubeIDE.app/Contents/Eclipse/plugins/com.st.stm32cube.common.mx_6.15.0.202507011659
2026-02-26 12:38:43,858 [INFO] MainUpdater:2872 - connection check result : 10
2026-02-26 12:38:43,858 [INFO] MainUpdater:289 - Updater Check For Update Now.
2026-02-26 12:38:43,858 [INFO] MicroXplorer:498 - Change Database Version : DB.6.0.150
2026-02-26 12:38:43,862 [INFO] McuFinderGlobals:63 - Set McuFinder mode to 2 (CubeIDE integrated)
2026-02-26 12:38:43,864 [INFO] UserAuth:487 - Internet connection configuration mode: 1
2026-02-26 12:38:43,881 [INFO] JxBrowserEngine:152 - Initiate JxBrowser Engine with user profile folder
2026-02-26 12:38:44,081 [INFO] CheckServerUpdateThread:120 - End of CheckServer Thread
2026-02-26 12:38:45,590 [WARN] PackLoader:240 - Cannot read IP mode file for STMicroelectronics.FP-ATR-ASTRA1.2.0.2
2026-02-26 12:38:45,606 [WARN] PackLoader:240 - Cannot read IP mode file for STMicroelectronics.FP-SNS-SMARTAG2.1.2.0
2026-02-26 12:38:45,615 [WARN] PackLoader:240 - Cannot read IP mode file for STMicroelectronics.FP-SNS-FLIGHT1.5.1.0
2026-02-26 12:38:45,629 [WARN] PackLoader:240 - Cannot read IP mode file for STMicroelectronics.X-CUBE-BLE2.3.3.0
2026-02-26 12:38:45,641 [WARN] PackLoader:240 - Cannot read IP mode file for STMicroelectronics.X-CUBE-BLE1.7.1.0
2026-02-26 12:38:45,646 [WARN] PackLoader:240 - Cannot read IP mode file for STMicroelectronics.FP-ATR-SIGFOX1.3.2.0
2026-02-26 12:38:45,654 [WARN] PackLoader:240 - Cannot read IP mode file for STMicroelectronics.X-CUBE-ALS.1.0.2
2026-02-26 12:38:45,657 [INFO] ThirdParty:978 - Integrity check success = true
2026-02-26 12:38:45,657 [INFO] IntegrityCheckThread:100 - exiting critical section [integrity check]
2026-02-26 12:38:45,657 [INFO] IntegrityCheckThread:103 - End integrity checks thread
2026-02-26 12:38:48,538 [INFO] WebApp:169 - Instantiating new browser for Auth
2026-02-26 12:38:49,816 [INFO] WebApp:463 - Apply proxy settings
2026-02-26 12:38:49,823 [INFO] WebApp:508 - Chromium authenticates against Manually configured proxy
2026-02-26 12:38:49,835 [INFO] WebApp:516 - Username used for proxy authentication: 
2026-02-26 12:38:49,872 [INFO] WebApp:900 - Register for checkConnection events
2026-02-26 12:38:49,872 [INFO] WebApp:463 - Apply proxy settings
2026-02-26 12:38:49,875 [INFO] WebApp:508 - Chromium authenticates against Manually configured proxy
2026-02-26 12:38:49,875 [INFO] WebApp:516 - Username used for proxy authentication: 
2026-02-26 12:38:49,997 [INFO] WebApp:225 - Starting web application
2026-02-26 12:38:49,998 [INFO] WebApp:593 - Web application path used /Applications/STM32CubeIDE.app/Contents/Eclipse/plugins/com.st.stm32cube.common.mx_6.15.0.202507011659/db/plugins/mcufinder/reactClient1/index.html
2026-02-26 12:38:50,395 [INFO] WebApp:191 - Connection restablished
2026-02-26 12:38:50,587 [INFO] UserAuth:487 - Internet connection configuration mode: 1
2026-02-26 12:56:41,156 [INFO] McuFinderGlobals:63 - Set McuFinder mode to 2 (CubeIDE integrated)
2026-02-26 12:56:41,165 [INFO] MainUpdater:2872 - connection check result : 10
2026-02-26 12:56:41,170 [INFO] McuFinderGlobals:76 - Set McuFinderConnectedMode to true
2026-02-26 12:56:41,475 [INFO] ServerAccessManage:452 - Complete download http(s) 200
2026-02-26 12:56:41,479 [INFO] ServerAccessManage:509 - Download File mcusAds.json._tmp_
2026-02-26 12:56:41,597 [INFO] LoadUrlFilesThread:156 - End of LoadUrlFiles Thread
2026-02-26 12:56:41,825 [INFO] ServerAccessManage:452 - Complete download http(s) 200
2026-02-26 12:56:41,827 [INFO] ServerAccessManage:509 - Download File cube-finder-db.zip
2026-02-26 12:56:43,284 [INFO] FileExtend:248 - Unzip File : cube-finder-db.zip
2026-02-26 12:56:43,287 [INFO] FileExtend:263 - Standard Zip Deflate
2026-02-26 12:56:44,071 [INFO] LoadUrlFilesThread:156 - End of LoadUrlFiles Thread
2026-02-26 12:56:44,592 [INFO] ServerAccessManage:452 - Complete download http(s) 200
2026-02-26 12:56:44,600 [INFO] ServerAccessManage:509 - Download File crdb.zip
2026-02-26 12:56:44,889 [INFO] FileExtend:248 - Unzip File : crdb.zip
2026-02-26 12:56:44,890 [INFO] FileExtend:263 - Standard Zip Deflate
2026-02-26 12:56:45,014 [INFO] LoadUrlFilesThread:156 - End of LoadUrlFiles Thread
2026-02-26 12:56:45,183 [INFO] ServerAccessManage:452 - Complete download http(s) 200
2026-02-26 12:56:45,185 [INFO] ServerAccessManage:509 - Download File tutoVideoDB.zip
2026-02-26 12:56:45,191 [INFO] FileExtend:248 - Unzip File : tutoVideoDB.zip
2026-02-26 12:56:45,191 [INFO] FileExtend:263 - Standard Zip Deflate
2026-02-26 12:56:45,302 [INFO] LoadUrlFilesThread:156 - End of LoadUrlFiles Thread
2026-02-26 12:56:45,321 [WARN] DbFile:41 - Overriding database path with different value: /Users/amanda/.stmcufinder/plugins/mcufinder/ => /Users/amanda/.stmcufinder/plugins/mcufinder
2026-02-26 12:56:45,470 [INFO] ServerAccessManage:452 - Complete download http(s) 200
2026-02-26 12:56:45,471 [INFO] ServerAccessManage:509 - Download File api_config.json
2026-02-26 12:56:45,582 [INFO] LoadUrlFilesThread:156 - End of LoadUrlFiles Thread
2026-02-26 12:56:45,589 [INFO] DbMcusAds:53 - JSON generation date=Wed Feb 18 15:32:49 CET 2026 (1771425169665)
2026-02-26 12:56:45,711 [INFO] ServerAccessManage:452 - Complete download http(s) 200
2026-02-26 12:56:45,712 [INFO] ServerAccessManage:509 - Download File 
2026-02-26 12:56:45,734 [INFO] LoadUrlFilesThread:185 - End of LoadServerUrlFiles without Thread
2026-02-26 12:56:45,740 [INFO] TargetSelectorAdapter:259 - Refresh data is successful
2026-02-26 12:56:46,380 [INFO] ApiDb:581 - Connected to CubeFinder SQLite database (/Users/amanda/.stmcufinder/plugins/mcufinder/mcu/cube-finder-db.db)
2026-02-26 12:56:46,418 [INFO] ApiDb:668 - CubeFinder database Data Model version=2.1
2026-02-26 12:56:46,419 [INFO] ApiDb:669 - CubeFinder database Configuration version=3.0.42
2026-02-26 12:56:46,422 [INFO] ApiDb:670 - CubeFinder database generation date=2026-02-13 (1770995876)
2026-02-26 12:56:46,422 [INFO] ApiDb:671 - CubeFinder database FW Pack versions=[FP-ATR-ASTRA1_V2.0.0, FP-SNS-FLIGHT1_V5.1.0, FP-SNS-MOTENV1_V5.1.0, FP-SNS-MOTENVWB1_V1.4.0, FP-SNS-SMARTAG2_V1.2.0, FP-SNS-STBOX1_V2.1.0, STM32Cube_FW_C0_V1.4.0, STM32Cube_FW_F4_V1.28.3, STM32Cube_FW_F7_V1.17.4, STM32Cube_FW_G0_V1.6.2, STM32Cube_FW_G4_V1.6.1, STM32Cube_FW_H5_V1.6.0, STM32Cube_FW_H7RS_V1.3.0, STM32Cube_FW_H7_V1.13.0, STM32Cube_FW_L0_V1.12.2, STM32Cube_FW_L4_V1.18.2, STM32Cube_FW_L5_V1.6.0, STM32Cube_FW_N6_V1.3.0, STM32Cube_FW_U0_V1.3.0, STM32Cube_FW_U3_V1.3.0, STM32Cube_FW_U5_V1.8.0, STM32Cube_FW_WB0_V1.4.0, STM32Cube_FW_WBA_V1.9.0, STM32Cube_FW_WB_V1.24.0, STM32Cube_FW_WL3_V1.4.0, STM32Cube_FW_WL_V1.5.0, X-CUBE-ALGOBUILD_V1.4.0, X-CUBE-ALS_V1.0.2, X-CUBE-AZRTOS-F4_V1.1.0, X-CUBE-AZRTOS-F7_V1.1.0, X-CUBE-AZRTOS-G0_V1.1.0, X-CUBE-AZRTOS-G4_V2.0.0, X-CUBE-AZRTOS-H7RS_V1.1.0, X-CUBE-AZRTOS-H7_V3.4.0, X-CUBE-AZRTOS-L4_V2.0.0, X-CUBE-AZRTOS-L5_V2.0.0, X-CUBE-AZRTOS-WB_V2.0.0, X-CUBE-AZRTOS-WL_V2.0.0, X-CUBE-BLE1_V7.1.0, X-CUBE-BLE2_V3.3.0, X-CUBE-BLEMGR_V4.1.0, X-CUBE-EEPRMA1_V5.2.0, X-CUBE-FREERTOS_V1.3.1, X-CUBE-GNSS1_V6.0.0, X-CUBE-MEMS1_V12.0.0, X-CUBE-NFC4_V3.0.0, X-CUBE-NFC7_V2.0.0, X-CUBE-SFXS2LP1_V4.0.0, X-CUBE-ST67W61_V1.1.0, X-CUBE-SUBG2_V5.0.0, X-CUBE-TOF1_V3.4.3]
2026-02-26 12:56:47,479 [INFO] ApiDb:240 - Found 880 in-development CPN: [B-G473E-ZEST1S, B-WB1M-WPAN1, B-WBA5M-WPAN, B-WL5M-SUBG1, NUCLEO-C031C6, NUCLEO-C051C8, NUCLEO-C071RB, NUCLEO-C092RC, NUCLEO-H503RB, NUCLEO-H533RE, NUCLEO-H563ZI, NUCLEO-H7S3L8, NUCLEO-N657X0-Q, NUCLEO-U031R8, NUCLEO-U083RC, NUCLEO-U385RG-Q, NUCLEO-U545RE-Q, NUCLEO-U5A5ZJ-Q, NUCLEO-WB05KZ, NUCLEO-WB07CC, NUCLEO-WB09KE, NUCLEO-WBA52CG, NUCLEO-WBA55CG, NUCLEO-WL33CC1, NUCLEO-WL33CC2, STEVAL-PROTEUS1, STEVAL-SMARTAG2, STEVAL-STWINBX1, STM320518-EVAL, STM32C0116-DK, STM32C011D6Y3TR, STM32C011D6Y6TR, STM32C011F4P3, STM32C011F4P6, STM32C011F4U3, STM32C011F4U6TR, STM32C011F6P3, STM32C011F6P6, STM32C011F6U3, STM32C011F6U6TR, STM32C011J4M3, STM32C011J4M6, STM32C011J6M3, STM32C011J6M6, STM32C0316-DK, STM32C031C4T3, STM32C031C4T6, STM32C031C4U3, STM32C031C4U6, STM32C031C6T3, STM32C031C6T6, STM32C031C6U3, STM32C031C6U6, STM32C031F4P3, STM32C031F4P6, STM32C031F6P3, STM32C031F6P6, STM32C031G4U3, STM32C031G4U6, STM32C031G6U3, STM32C031G6U6, STM32C031K4T3, STM32C031K4T6, STM32C031K4U3, STM32C031K4U6, STM32C031K6T3, STM32C031K6T6, STM32C031K6U3, STM32C031K6U6, STM32C051C6T6, STM32C051C6U6, STM32C051C8T6, STM32C051C8U6, STM32C051D8Y6TR, STM32C051F6P6, STM32C051F8P6, STM32C051G6U6, STM32C051G8U6, STM32C051K6T6, STM32C051K6U6, STM32C051K8T6, STM32C071C8T6, STM32C071C8T6N, STM32C071C8U6, STM32C071C8U6N, STM32C071CBT6, STM32C071CBT6N, STM32C071CBU6, STM32C071CBU6N, STM32C071F8P6, STM32C071F8P6N, STM32C071FBP6, STM32C071FBP6N, STM32C071FBY6TR, STM32C071G8U6, STM32C071G8U6N, STM32C071GBU6, STM32C071GBU6N, STM32C071K8T6, STM32C071K8T6N, STM32C071K8U6, STM32C071K8U6N, STM32C071KBT6, STM32C071KBT6N, STM32C071KBU6, STM32C071KBU6N, STM32C071R8T6, STM32C071R8T6N, STM32C071RBI6N, STM32C071RBT6, STM32C071RBT6N, STM32C091CBT6, STM32C091CBU6, STM32C091CCT6, STM32C091CCU6, STM32C091ECY6TR, STM32C091FBP6, STM32C091FCP6, STM32C091GBU6, STM32C091GCU6, STM32C091KBT6, STM32C091KBU6, STM32C091KCT6, STM32C091KCU6, STM32C091RBT6, STM32C091RCI6, STM32C091RCT6, STM32C092CBT6, STM32C092CBU6, STM32C092CCT6, STM32C092CCU6, STM32C092ECY6TR, STM32C092FBP6, STM32C092FCP6, STM32C092GBU6, STM32C092GCU6, STM32C092KBT6, STM32C092KBU6, STM32C092KCT6, STM32C092KCU6, STM32C092RBT6, STM32C092RCI6, STM32C092RCT6, STM32G071K8TXN, STM32G071K8UXN, STM32G081GBU6N, STM32G081KBT6N, STM32G081KBUXN, STM32G0B1CCT6N, STM32G0B1KCT6, STM32G0B1NEY6TR, STM32G0B1RCT6N, STM32G0C1CCT6, STM32G0C1CCT6N, STM32G0C1CCU6N, STM32G0C1CET6N, STM32G0C1CEU6N, STM32G0C1KCT6, STM32G0C1NEY6TR, STM32G0C1RCI6N, STM32G0C1RCT6N, STM32G0C1REI6N, STM32G0C1RET6N, STM32G0C1VCI6, STM32G0C1VEI6, STM32G411C6T3, STM32G411C6T6, STM32G411C6U3, STM32G411C6U6, STM32G411C8T3, STM32G411C8T6, STM32G411C8U3, STM32G411C8U6, STM32G411CBT3, STM32G411CBT6, STM32G411CBU3, STM32G411CBU6, STM32G411K6T3, STM32G411K6T6, STM32G411K6U3, STM32G411K6U6, STM32G411K8T3, STM32G411K8T6, STM32G411K8U3, STM32G411K8U6, STM32G411KBT3, STM32G411KBT6, STM32G411KBU3, STM32G411KBU6, STM32G411M6T3, STM32G411M6T6, STM32G411M8T3, STM32G411M8T6, STM32G411MBT3, STM32G411MBT6, STM32G411R6T3, STM32G411R6T6, STM32G411R8T3, STM32G411R8T6, STM32G411RBT3, STM32G411RBT6, STM32G414CBT3, STM32G414CBT6, STM32G414CBU3, STM32G414CBU6, STM32G414CCT3, STM32G414CCT6, STM32G414CCU3, STM32G414CCU6, STM32G414MBT3, STM32G414MBT6, STM32G414MCT3, STM32G414MCT6, STM32G414RBT3, STM32G414RBT6, STM32G414RCT3, STM32G414RCT6, STM32G414VBT3, STM32G414VBT6, STM32G414VCT3, STM32G414VCT6, STM32G431CBT3Z, STM32G431RBT3Z, STM32G471CCT6, STM32G471CCU6, STM32G471CET3, STM32G471CET6, STM32G471CEU3, STM32G471CEU6, STM32G471MCT6, STM32G471MET3, STM32G471MET6, STM32G471MEY6TR, STM32G471QCT6, STM32G471QET3, STM32G471RCT6, STM32G471RET3, STM32G471RET6, STM32G471VCH6, STM32G471VCI6, STM32G471VCT6, STM32G471VEH3, STM32G471VEH6, STM32G471VEI3, STM32G471VEI6, STM32G471VET3, STM32G471VET6, STM32G473QET3Z, STM32G473RET3Z, STM32G474CCT6, STM32G491RET3Z, STM32H503CBT6, STM32H503CBU6, STM32H503EBY6TR, STM32H503KBU6, STM32H503RBT6, STM32H523CCT6, STM32H523CCU6, STM32H523CET6, STM32H523CEU6, STM32H523HEY6TR, STM32H523RCT6, STM32H523RET6, STM32H523VCI6, STM32H523VCT6, STM32H523VEI6, STM32H523VET6, STM32H523ZCJ6, STM32H523ZCT6, STM32H523ZEJ6, STM32H523ZET6, STM32H533CET6, STM32H533CEU6, STM32H533HEY6TR, STM32H533RET6, STM32H533VEI6, STM32H533VET6, STM32H533ZEJ6, STM32H533ZET6, STM32H562AGI6, STM32H562AII6, STM32H562IGK6, STM32H562IGT6, STM32H562IIK6, STM32H562IIT6, STM32H562RGT6, STM32H562RGV6, STM32H562RIT6, STM32H562RIV6, STM32H562VGT6, STM32H562VIT6, STM32H562ZGT6, STM32H562ZIT6, STM32H563AGI6, STM32H563AII3Q, STM32H563AII6, STM32H563IGK6, STM32H563IGT6, STM32H563IIK3Q, STM32H563IIK6, STM32H563IIT3Q, STM32H563IIT6, STM32H563MIY3QTR, STM32H563RGT6, STM32H563RGV6, STM32H563RIT6, STM32H563RIV6, STM32H563VGT6, STM32H563VIT3Q, STM32H563VIT6, STM32H563ZGT6, STM32H563ZIT3Q, STM32H563ZIT6, STM32H573AII3Q, STM32H573AII6, STM32H573I-DK, STM32H573IIK3Q, STM32H573IIK6, STM32H573IIT3Q, STM32H573IIT6, STM32H573MIY3QTR, STM32H573RIT6, STM32H573RIV6, STM32H573VIT3Q, STM32H573VIT6, STM32H573ZIT3Q, STM32H573ZIT6, STM32H7R3A8I6, STM32H7R3I8K6, STM32H7R3I8T6, STM32H7R3L8H6, STM32H7R3L8H6H, STM32H7R3R8V6, STM32H7R3V8H6, STM32H7R3V8T6, STM32H7R3V8Y6TR, STM32H7R3Z8J6, STM32H7R3Z8T6, STM32H7R7A8I6, STM32H7R7I8K6, STM32H7R7I8T6, STM32H7R7L8H6, STM32H7R7L8H6H, STM32H7R7Z8J6, STM32H7S3A8I6, STM32H7S3I8K6, STM32H7S3I8T6, STM32H7S3L8H6, STM32H7S3L8H6H, STM32H7S3R8V6, STM32H7S3V8H6, STM32H7S3V8T6, STM32H7S3V8Y6TR, STM32H7S3Z8J6, STM32H7S3Z8T6, STM32H7S78-DK, STM32H7S7A8I6, STM32H7S7I8K6, STM32H7S7I8T6, STM32H7S7L8H6, STM32H7S7L8H6H, STM32H7S7Z8J6, STM32L4R5QGI6STR, STM32MP131AAE3, STM32MP131AAF3, STM32MP131AAG3, STM32MP131CAE3, STM32MP131CAF3, STM32MP131CAG3, STM32MP131DAE7, STM32MP131DAF7, STM32MP131DAG7, STM32MP131FAE7, STM32MP131FAF7, STM32MP131FAG7, STM32MP133AAE3, STM32MP133AAF3, STM32MP133AAG3, STM32MP133CAE3, STM32MP133CAF3, STM32MP133CAG3, STM32MP133DAE7, STM32MP133DAF7, STM32MP133DAG7, STM32MP133FAE7, STM32MP133FAF7, STM32MP133FAG7, STM32MP135AAE3, STM32MP135AAF3, STM32MP135AAG3, STM32MP135CAE3, STM32MP135CAF3, STM32MP135CAG3, STM32MP135DAE7, STM32MP135DAF7, STM32MP135DAG7, STM32MP135F-DK, STM32MP135FAE7, STM32MP135FAF7, STM32MP135FAF7T, STM32MP135FAF7U, STM32MP135FAG7, STM32MP211AAL3, STM32MP211AAM3, STM32MP211AAN3, STM32MP211AAO3, STM32MP211CAL3, STM32MP211CAM3, STM32MP211CAN3, STM32MP211CAO3, STM32MP211DAL3, STM32MP211DAM3, STM32MP211DAN3, STM32MP211DAO3, STM32MP211FAL3, STM32MP211FAM3, STM32MP211FAN3, STM32MP211FAO3, STM32MP213AAL3, STM32MP213AAM3, STM32MP213AAN3, STM32MP213AAO3, STM32MP213CAL3, STM32MP213CAM3, STM32MP213CAN3, STM32MP213CAO3, STM32MP213DAL3, STM32MP213DAM3, STM32MP213DAN3, STM32MP213DAO3, STM32MP213FAL3, STM32MP213FAM3, STM32MP213FAN3, STM32MP213FAO3, STM32MP215AAL3, STM32MP215AAM3, STM32MP215AAN3, STM32MP215AAO3, STM32MP215CAL3, STM32MP215CAM3, STM32MP215CAN3, STM32MP215CAO3, STM32MP215DAL3, STM32MP215DAM3, STM32MP215DAN3, STM32MP215DAO3, STM32MP215F-DK, STM32MP215FAL3, STM32MP215FAM3, STM32MP215FAN3, STM32MP215FAO3, STM32MP231AAJ3, STM32MP231AAK3, STM32MP231AAL3, STM32MP231CAJ3, STM32MP231CAK3, STM32MP231CAL3, STM32MP231DAJ3, STM32MP231DAK3, STM32MP231DAL3, STM32MP231FAJ3, STM32MP231FAK3, STM32MP231FAL3, STM32MP233AAJ3, STM32MP233AAK3, STM32MP233AAL3, STM32MP233CAJ3, STM32MP233CAK3, STM32MP233CAL3, STM32MP233DAJ3, STM32MP233DAK3, STM32MP233DAL3, STM32MP233FAJ3, STM32MP233FAK3, STM32MP233FAL3, STM32MP235AAJ3, STM32MP235AAK3, STM32MP235AAL3, STM32MP235CAJ3, STM32MP235CAK3, STM32MP235CAL3, STM32MP235DAJ3, STM32MP235DAK3, STM32MP235DAL3, STM32MP235FAJ3, STM32MP235FAK3, STM32MP235FAL3, STM32MP251AAI3, STM32MP251AAK3, STM32MP251AAL3, STM32MP251CAI3, STM32MP251CAK3, STM32MP251CAL3, STM32MP251DAI3, STM32MP251DAK3, STM32MP251DAL3, STM32MP251FAI3, STM32MP251FAK3, STM32MP251FAL3, STM32MP253AAI3, STM32MP253AAK3, STM32MP253AAL3, STM32MP253CAI3, STM32MP253CAK3, STM32MP253CAL3, STM32MP253DAI3, STM32MP253DAK3, STM32MP253DAL3, STM32MP253FAI3, STM32MP253FAK3, STM32MP253FAL3, STM32MP255AAI3, STM32MP255AAK3, STM32MP255AAL3, STM32MP255CAI3, STM32MP255CAK3, STM32MP255CAL3, STM32MP255DAI3, STM32MP255DAK3, STM32MP255DAL3, STM32MP255FAI3, STM32MP255FAK3, STM32MP255FAL3, STM32MP257AAI3, STM32MP257AAK3, STM32MP257AAL3, STM32MP257CAI3, STM32MP257CAK3, STM32MP257CAL3, STM32MP257DAI3, STM32MP257DAK3, STM32MP257DAL3, STM32MP257F-DK, STM32MP257F-EV1, STM32MP257FAI3, STM32MP257FAK3, STM32MP257FAL3, STM32N645A0H3Q, STM32N645B0H3Q, STM32N645I0H3Q, STM32N645L0H3Q, STM32N645X0H3Q, STM32N645Z0H3Q, STM32N647A0H3Q, STM32N647B0H3Q, STM32N647I0H3Q, STM32N647L0H3Q, STM32N647X0H3Q, STM32N647Z0H3Q, STM32N655A0H3Q, STM32N655B0H3Q, STM32N655I0H3Q, STM32N655L0H3Q, STM32N655X0H3Q, STM32N655Z0H3Q, STM32N6570-DK, STM32N657A0H3Q, STM32N657B0H3Q, STM32N657I0H3Q, STM32N657L0H3Q, STM32N657X0H3Q, STM32N657Z0H3Q, STM32U031C6T6, STM32U031C6U6, STM32U031C8T6, STM32U031C8U6, STM32U031F4P6, STM32U031F6P6, STM32U031F8P6, STM32U031G6Y6TR, STM32U031G8Y6TR, STM32U031K4U6, STM32U031K6U6, STM32U031K8U6, STM32U031R6I6, STM32U031R6T6, STM32U031R8I6, STM32U031R8T6, STM32U073C8T6, STM32U073C8U6, STM32U073CBT6, STM32U073CBU6, STM32U073CCT6, STM32U073CCU6, STM32U073H8Y6TR, STM32U073HBY6TR, STM32U073HCY6TR, STM32U073K8U6, STM32U073KBU6, STM32U073KCU6, STM32U073M8I6, STM32U073M8T6, STM32U073MBI6, STM32U073MBT6, STM32U073MCI6, STM32U073MCT6, STM32U073R8I6, STM32U073R8T6, STM32U073RBI6, STM32U073RBT6, STM32U073RCI6, STM32U073RCT6, STM32U083C-DK, STM32U083CCT6, STM32U083CCU6, STM32U083HCY6TR, STM32U083KCU6, STM32U083MCI6, STM32U083MCT6, STM32U083RCI6, STM32U083RCT6, STM32U375CET6, STM32U375CET6Q, STM32U375CEU6, STM32U375CEU6Q, STM32U375CEY6QTR, STM32U375CGT6, STM32U375CGT6Q, STM32U375CGU6, STM32U375CGU6Q, STM32U375CGY6QTR, STM32U375KEU6, STM32U375KGU6, STM32U375REI6, STM32U375REI6Q, STM32U375RET6, STM32U375RET6Q, STM32U375REY6GTR, STM32U375REY6QTR, STM32U375RGI6, STM32U375RGI6Q, STM32U375RGT6, STM32U375RGT6Q, STM32U375RGY6GTR, STM32U375RGY6QTR, STM32U375VEI6, STM32U375VEI6Q, STM32U375VET6, STM32U375VET6Q, STM32U375VGI6, STM32U375VGI6Q, STM32U375VGT6, STM32U375VGT6Q, STM32U385CGT6, STM32U385CGT6Q, STM32U385CGU6, STM32U385CGU6Q, STM32U385CGY6QTR, STM32U385KGU6, STM32U385RGI6, STM32U385RGI6Q, STM32U385RGT6, STM32U385RGT6Q, STM32U385RGY6GTR, STM32U385RGY6QTR, STM32U385VGI6, STM32U385VGI6Q, STM32U385VGT6, STM32U385VGT6Q, STM32U535CBT6, STM32U535CBT6Q, STM32U535CBU6, STM32U535CBU6Q, STM32U535CCT6, STM32U535CCT6Q, STM32U535CCU6, STM32U535CCU6Q, STM32U535CET6, STM32U535CET6Q, STM32U535CEU6, STM32U535CEU6Q, STM32U535JEY6QTR, STM32U535NCY6QTR, STM32U535NEY6QTR, STM32U535RBI6, STM32U535RBI6Q, STM32U535RBT6, STM32U535RBT6Q, STM32U535RCI6, STM32U535RCI6Q, STM32U535RCT6, STM32U535RCT6Q, STM32U535REI6, STM32U535REI6Q, STM32U535RET6, STM32U535RET6Q, STM32U535VCI6, STM32U535VCI6Q, STM32U535VCT6, STM32U535VCT6Q, STM32U535VEI6, STM32U535VEI6Q, STM32U535VET6, STM32U535VET6Q, STM32U545CET6, STM32U545CET6Q, STM32U545CEU6, STM32U545CEU6Q, STM32U545JEY6QTR, STM32U545NEY6QTR, STM32U545REI6, STM32U545REI6Q, STM32U545RET6, STM32U545RET6Q, STM32U545VEI6, STM32U545VEI6Q, STM32U545VET6, STM32U545VET6Q, STM32U595AIH6, STM32U595AIH6Q, STM32U595AJH6, STM32U595AJH6Q, STM32U595QII6, STM32U595QII6Q, STM32U595QJI6, STM32U595QJI6Q, STM32U595RIT6, STM32U595RIT6Q, STM32U595RJT6, STM32U595RJT6Q, STM32U595VIT6, STM32U595VIT6Q, STM32U595VJT6, STM32U595VJT6Q, STM32U595ZIT6, STM32U595ZIT6Q, STM32U595ZIY6QTR, STM32U595ZJT6, STM32U595ZJT6Q, STM32U595ZJY6QTR, STM32U599BJY6QTR, STM32U599NIH6Q, STM32U599NJH6Q, STM32U599VIT6Q, STM32U599VJT6, STM32U599VJT6Q, STM32U599ZIT6Q, STM32U599ZIY6QTR, STM32U599ZJT6Q, STM32U599ZJY6QTR, STM32U5A5AJH6, STM32U5A5AJH6Q, STM32U5A5QII3Q , STM32U5A5QJI6, STM32U5A5QJI6Q, STM32U5A5RJT6, STM32U5A5RJT6Q, STM32U5A5VJT6, STM32U5A5VJT6Q, STM32U5A5ZJT6, STM32U5A5ZJT6Q, STM32U5A5ZJY6QTR, STM32U5A9BJY6QTR, STM32U5A9J-DK, STM32U5A9NJH6Q, STM32U5A9VJT6Q, STM32U5A9ZJT6Q, STM32U5A9ZJY6QTR, STM32U5F7VIT6, STM32U5F7VIT6Q, STM32U5F7VJT6, STM32U5F7VJT6Q, STM32U5F9BJY6QTR, STM32U5F9NJH6Q, STM32U5F9VIT6Q, STM32U5F9VJT6Q, STM32U5F9ZIJ6QTR, STM32U5F9ZIT6Q, STM32U5F9ZJJ6QTR, STM32U5F9ZJT6Q, STM32U5G7VJT6, STM32U5G7VJT6Q, STM32U5G9BJY6QTR, STM32U5G9J-DK1, STM32U5G9J-DK2, STM32U5G9NJH6Q, STM32U5G9VJT6Q, STM32U5G9ZJJ6QTR, STM32U5G9ZJT6Q, STM32WB05KZV6TR, STM32WB05KZV7TR, STM32WB05TZF6TR, STM32WB05TZF7TR, STM32WB06CCF6TR, STM32WB06CCF7TR, STM32WB06CCV6TR, STM32WB06CCV7TR, STM32WB06KCV6TR, STM32WB06KCV7TR, STM32WB07CCF6TR, STM32WB07CCF7TR, STM32WB07CCV6TR, STM32WB07CCV7TR, STM32WB07KCV6TR, STM32WB07KCV7TR, STM32WB09KEV6TR, STM32WB09KEV7TR, STM32WB09TEF6TR, STM32WB09TEF7TR, STM32WB1MMCH6, STM32WBA50KGU6, STM32WBA50KGU6TR, STM32WBA52CEU6, STM32WBA52CEU6TR, STM32WBA52CEU7, STM32WBA52CEU7TR, STM32WBA52CGU6, STM32WBA52CGU6TR, STM32WBA52CGU6U, STM32WBA52CGU7, STM32WBA52CGU7TR, STM32WBA52KEU6, STM32WBA52KEU6TR, STM32WBA52KGU6, STM32WBA52KGU6TR, STM32WBA54CEU6, STM32WBA54CEU6TR, STM32WBA54CEU7, STM32WBA54CEU7TR, STM32WBA54CGU6, STM32WBA54CGU6TR, STM32WBA54CGU7, STM32WBA54CGU7TR, STM32WBA54KEU6, STM32WBA54KEU6TR, STM32WBA54KEU7, STM32WBA54KEU7TR, STM32WBA54KGU6, STM32WBA54KGU6TR, STM32WBA54KGU7, STM32WBA54KGU7TR, STM32WBA55CEU6, STM32WBA55CEU6TR, STM32WBA55CEU7, STM32WBA55CEU7TR, STM32WBA55CGU6, STM32WBA55CGU6TR, STM32WBA55CGU6U, STM32WBA55CGU7, STM32WBA55CGU7TR, STM32WBA55G-DK1, STM32WBA55HEF6, STM32WBA55HEF7, STM32WBA55HGF6, STM32WBA55HGF7, STM32WBA55UEI6, STM32WBA55UEI6TR, STM32WBA55UEI7, STM32WBA55UEI7TR, STM32WBA55UGI6, STM32WBA55UGI6TR, STM32WBA55UGI7, STM32WBA55UGI7TR, STM32WBA5MMGH6TR, STM32WBA62MGF6, STM32WBA62MIF6, STM32WBA65MGF7, STM32WBA65MIF6, STM32WBA65MIF7, STM32WL30K8V6, STM32WL30KBV6, STM32WL31C8V6, STM32WL31CBV6, STM32WL31K8V6, STM32WL31KBV6, STM32WL33C8V6, STM32WL33C8V6X, STM32WL33CBV6, STM32WL33CBV6X, STM32WL33CCV6, STM32WL33CCV6A, STM32WL33CCV6X, STM32WL33K8V7, STM32WL33K8V7X, STM32WL33KBV7 , STM32WL33KBV7X, STM32WL33KCV7, STM32WL33KCV7X, STM32WL5MOCH6, STM32WL5MOCH6TR]
2026-02-26 12:56:47,488 [INFO] DbMcus:218 - Found 4922 MCUs, 4922 are supported
2026-02-26 12:56:47,488 [INFO] ApiDb:414 - User favorites file not found: /Users/amanda/.stm32cubeide/favorites.mcus.txt
2026-02-26 12:56:47,489 [INFO] DbMcus:224 - Set 0 / 0 favorites MCUs
2026-02-26 12:56:47,757 [INFO] ApiDb:668 - CubeFinder database Data Model version=2.1
2026-02-26 12:56:47,757 [INFO] ApiDb:669 - CubeFinder database Configuration version=3.0.42
2026-02-26 12:56:47,758 [INFO] ApiDb:670 - CubeFinder database generation date=2026-02-13 (1770995876)
2026-02-26 12:56:47,758 [INFO] ApiDb:671 - CubeFinder database FW Pack versions=[FP-ATR-ASTRA1_V2.0.0, FP-SNS-FLIGHT1_V5.1.0, FP-SNS-MOTENV1_V5.1.0, FP-SNS-MOTENVWB1_V1.4.0, FP-SNS-SMARTAG2_V1.2.0, FP-SNS-STBOX1_V2.1.0, STM32Cube_FW_C0_V1.4.0, STM32Cube_FW_F4_V1.28.3, STM32Cube_FW_F7_V1.17.4, STM32Cube_FW_G0_V1.6.2, STM32Cube_FW_G4_V1.6.1, STM32Cube_FW_H5_V1.6.0, STM32Cube_FW_H7RS_V1.3.0, STM32Cube_FW_H7_V1.13.0, STM32Cube_FW_L0_V1.12.2, STM32Cube_FW_L4_V1.18.2, STM32Cube_FW_L5_V1.6.0, STM32Cube_FW_N6_V1.3.0, STM32Cube_FW_U0_V1.3.0, STM32Cube_FW_U3_V1.3.0, STM32Cube_FW_U5_V1.8.0, STM32Cube_FW_WB0_V1.4.0, STM32Cube_FW_WBA_V1.9.0, STM32Cube_FW_WB_V1.24.0, STM32Cube_FW_WL3_V1.4.0, STM32Cube_FW_WL_V1.5.0, X-CUBE-ALGOBUILD_V1.4.0, X-CUBE-ALS_V1.0.2, X-CUBE-AZRTOS-F4_V1.1.0, X-CUBE-AZRTOS-F7_V1.1.0, X-CUBE-AZRTOS-G0_V1.1.0, X-CUBE-AZRTOS-G4_V2.0.0, X-CUBE-AZRTOS-H7RS_V1.1.0, X-CUBE-AZRTOS-H7_V3.4.0, X-CUBE-AZRTOS-L4_V2.0.0, X-CUBE-AZRTOS-L5_V2.0.0, X-CUBE-AZRTOS-WB_V2.0.0, X-CUBE-AZRTOS-WL_V2.0.0, X-CUBE-BLE1_V7.1.0, X-CUBE-BLE2_V3.3.0, X-CUBE-BLEMGR_V4.1.0, X-CUBE-EEPRMA1_V5.2.0, X-CUBE-FREERTOS_V1.3.1, X-CUBE-GNSS1_V6.0.0, X-CUBE-MEMS1_V12.0.0, X-CUBE-NFC4_V3.0.0, X-CUBE-NFC7_V2.0.0, X-CUBE-SFXS2LP1_V4.0.0, X-CUBE-ST67W61_V1.1.0, X-CUBE-SUBG2_V5.0.0, X-CUBE-TOF1_V3.4.3]
2026-02-26 12:56:47,803 [INFO] DbBoardsSqlite:226 - include board P-NUCLEO-WB55-NUCLEO as a kit item of type 'Nucleo-64'
2026-02-26 12:56:47,804 [INFO] DbBoardsSqlite:226 - include board P-NUCLEO-WB55-USBDONGLE as a kit item of type 'Nucleo USB Dongle'
2026-02-26 12:56:47,804 [INFO] DbBoardsSqlite:226 - include board STEVAL-IDP005V1 as a kit item of type 'Evaluation Board'
2026-02-26 12:56:47,804 [INFO] DbBoardsSqlite:226 - include board STEVAL-IDP005V2 as a kit item of type 'Evaluation Board'
2026-02-26 12:56:47,829 [INFO] ApiDb:240 - Found 880 in-development CPN: [B-G473E-ZEST1S, B-WB1M-WPAN1, B-WBA5M-WPAN, B-WL5M-SUBG1, NUCLEO-C031C6, NUCLEO-C051C8, NUCLEO-C071RB, NUCLEO-C092RC, NUCLEO-H503RB, NUCLEO-H533RE, NUCLEO-H563ZI, NUCLEO-H7S3L8, NUCLEO-N657X0-Q, NUCLEO-U031R8, NUCLEO-U083RC, NUCLEO-U385RG-Q, NUCLEO-U545RE-Q, NUCLEO-U5A5ZJ-Q, NUCLEO-WB05KZ, NUCLEO-WB07CC, NUCLEO-WB09KE, NUCLEO-WBA52CG, NUCLEO-WBA55CG, NUCLEO-WL33CC1, NUCLEO-WL33CC2, STEVAL-PROTEUS1, STEVAL-SMARTAG2, STEVAL-STWINBX1, STM320518-EVAL, STM32C0116-DK, STM32C011D6Y3TR, STM32C011D6Y6TR, STM32C011F4P3, STM32C011F4P6, STM32C011F4U3, STM32C011F4U6TR, STM32C011F6P3, STM32C011F6P6, STM32C011F6U3, STM32C011F6U6TR, STM32C011J4M3, STM32C011J4M6, STM32C011J6M3, STM32C011J6M6, STM32C0316-DK, STM32C031C4T3, STM32C031C4T6, STM32C031C4U3, STM32C031C4U6, STM32C031C6T3, STM32C031C6T6, STM32C031C6U3, STM32C031C6U6, STM32C031F4P3, STM32C031F4P6, STM32C031F6P3, STM32C031F6P6, STM32C031G4U3, STM32C031G4U6, STM32C031G6U3, STM32C031G6U6, STM32C031K4T3, STM32C031K4T6, STM32C031K4U3, STM32C031K4U6, STM32C031K6T3, STM32C031K6T6, STM32C031K6U3, STM32C031K6U6, STM32C051C6T6, STM32C051C6U6, STM32C051C8T6, STM32C051C8U6, STM32C051D8Y6TR, STM32C051F6P6, STM32C051F8P6, STM32C051G6U6, STM32C051G8U6, STM32C051K6T6, STM32C051K6U6, STM32C051K8T6, STM32C071C8T6, STM32C071C8T6N, STM32C071C8U6, STM32C071C8U6N, STM32C071CBT6, STM32C071CBT6N, STM32C071CBU6, STM32C071CBU6N, STM32C071F8P6, STM32C071F8P6N, STM32C071FBP6, STM32C071FBP6N, STM32C071FBY6TR, STM32C071G8U6, STM32C071G8U6N, STM32C071GBU6, STM32C071GBU6N, STM32C071K8T6, STM32C071K8T6N, STM32C071K8U6, STM32C071K8U6N, STM32C071KBT6, STM32C071KBT6N, STM32C071KBU6, STM32C071KBU6N, STM32C071R8T6, STM32C071R8T6N, STM32C071RBI6N, STM32C071RBT6, STM32C071RBT6N, STM32C091CBT6, STM32C091CBU6, STM32C091CCT6, STM32C091CCU6, STM32C091ECY6TR, STM32C091FBP6, STM32C091FCP6, STM32C091GBU6, STM32C091GCU6, STM32C091KBT6, STM32C091KBU6, STM32C091KCT6, STM32C091KCU6, STM32C091RBT6, STM32C091RCI6, STM32C091RCT6, STM32C092CBT6, STM32C092CBU6, STM32C092CCT6, STM32C092CCU6, STM32C092ECY6TR, STM32C092FBP6, STM32C092FCP6, STM32C092GBU6, STM32C092GCU6, STM32C092KBT6, STM32C092KBU6, STM32C092KCT6, STM32C092KCU6, STM32C092RBT6, STM32C092RCI6, STM32C092RCT6, STM32G071K8TXN, STM32G071K8UXN, STM32G081GBU6N, STM32G081KBT6N, STM32G081KBUXN, STM32G0B1CCT6N, STM32G0B1KCT6, STM32G0B1NEY6TR, STM32G0B1RCT6N, STM32G0C1CCT6, STM32G0C1CCT6N, STM32G0C1CCU6N, STM32G0C1CET6N, STM32G0C1CEU6N, STM32G0C1KCT6, STM32G0C1NEY6TR, STM32G0C1RCI6N, STM32G0C1RCT6N, STM32G0C1REI6N, STM32G0C1RET6N, STM32G0C1VCI6, STM32G0C1VEI6, STM32G411C6T3, STM32G411C6T6, STM32G411C6U3, STM32G411C6U6, STM32G411C8T3, STM32G411C8T6, STM32G411C8U3, STM32G411C8U6, STM32G411CBT3, STM32G411CBT6, STM32G411CBU3, STM32G411CBU6, STM32G411K6T3, STM32G411K6T6, STM32G411K6U3, STM32G411K6U6, STM32G411K8T3, STM32G411K8T6, STM32G411K8U3, STM32G411K8U6, STM32G411KBT3, STM32G411KBT6, STM32G411KBU3, STM32G411KBU6, STM32G411M6T3, STM32G411M6T6, STM32G411M8T3, STM32G411M8T6, STM32G411MBT3, STM32G411MBT6, STM32G411R6T3, STM32G411R6T6, STM32G411R8T3, STM32G411R8T6, STM32G411RBT3, STM32G411RBT6, STM32G414CBT3, STM32G414CBT6, STM32G414CBU3, STM32G414CBU6, STM32G414CCT3, STM32G414CCT6, STM32G414CCU3, STM32G414CCU6, STM32G414MBT3, STM32G414MBT6, STM32G414MCT3, STM32G414MCT6, STM32G414RBT3, STM32G414RBT6, STM32G414RCT3, STM32G414RCT6, STM32G414VBT3, STM32G414VBT6, STM32G414VCT3, STM32G414VCT6, STM32G431CBT3Z, STM32G431RBT3Z, STM32G471CCT6, STM32G471CCU6, STM32G471CET3, STM32G471CET6, STM32G471CEU3, STM32G471CEU6, STM32G471MCT6, STM32G471MET3, STM32G471MET6, STM32G471MEY6TR, STM32G471QCT6, STM32G471QET3, STM32G471RCT6, STM32G471RET3, STM32G471RET6, STM32G471VCH6, STM32G471VCI6, STM32G471VCT6, STM32G471VEH3, STM32G471VEH6, STM32G471VEI3, STM32G471VEI6, STM32G471VET3, STM32G471VET6, STM32G473QET3Z, STM32G473RET3Z, STM32G474CCT6, STM32G491RET3Z, STM32H503CBT6, STM32H503CBU6, STM32H503EBY6TR, STM32H503KBU6, STM32H503RBT6, STM32H523CCT6, STM32H523CCU6, STM32H523CET6, STM32H523CEU6, STM32H523HEY6TR, STM32H523RCT6, STM32H523RET6, STM32H523VCI6, STM32H523VCT6, STM32H523VEI6, STM32H523VET6, STM32H523ZCJ6, STM32H523ZCT6, STM32H523ZEJ6, STM32H523ZET6, STM32H533CET6, STM32H533CEU6, STM32H533HEY6TR, STM32H533RET6, STM32H533VEI6, STM32H533VET6, STM32H533ZEJ6, STM32H533ZET6, STM32H562AGI6, STM32H562AII6, STM32H562IGK6, STM32H562IGT6, STM32H562IIK6, STM32H562IIT6, STM32H562RGT6, STM32H562RGV6, STM32H562RIT6, STM32H562RIV6, STM32H562VGT6, STM32H562VIT6, STM32H562ZGT6, STM32H562ZIT6, STM32H563AGI6, STM32H563AII3Q, STM32H563AII6, STM32H563IGK6, STM32H563IGT6, STM32H563IIK3Q, STM32H563IIK6, STM32H563IIT3Q, STM32H563IIT6, STM32H563MIY3QTR, STM32H563RGT6, STM32H563RGV6, STM32H563RIT6, STM32H563RIV6, STM32H563VGT6, STM32H563VIT3Q, STM32H563VIT6, STM32H563ZGT6, STM32H563ZIT3Q, STM32H563ZIT6, STM32H573AII3Q, STM32H573AII6, STM32H573I-DK, STM32H573IIK3Q, STM32H573IIK6, STM32H573IIT3Q, STM32H573IIT6, STM32H573MIY3QTR, STM32H573RIT6, STM32H573RIV6, STM32H573VIT3Q, STM32H573VIT6, STM32H573ZIT3Q, STM32H573ZIT6, STM32H7R3A8I6, STM32H7R3I8K6, STM32H7R3I8T6, STM32H7R3L8H6, STM32H7R3L8H6H, STM32H7R3R8V6, STM32H7R3V8H6, STM32H7R3V8T6, STM32H7R3V8Y6TR, STM32H7R3Z8J6, STM32H7R3Z8T6, STM32H7R7A8I6, STM32H7R7I8K6, STM32H7R7I8T6, STM32H7R7L8H6, STM32H7R7L8H6H, STM32H7R7Z8J6, STM32H7S3A8I6, STM32H7S3I8K6, STM32H7S3I8T6, STM32H7S3L8H6, STM32H7S3L8H6H, STM32H7S3R8V6, STM32H7S3V8H6, STM32H7S3V8T6, STM32H7S3V8Y6TR, STM32H7S3Z8J6, STM32H7S3Z8T6, STM32H7S78-DK, STM32H7S7A8I6, STM32H7S7I8K6, STM32H7S7I8T6, STM32H7S7L8H6, STM32H7S7L8H6H, STM32H7S7Z8J6, STM32L4R5QGI6STR, STM32MP131AAE3, STM32MP131AAF3, STM32MP131AAG3, STM32MP131CAE3, STM32MP131CAF3, STM32MP131CAG3, STM32MP131DAE7, STM32MP131DAF7, STM32MP131DAG7, STM32MP131FAE7, STM32MP131FAF7, STM32MP131FAG7, STM32MP133AAE3, STM32MP133AAF3, STM32MP133AAG3, STM32MP133CAE3, STM32MP133CAF3, STM32MP133CAG3, STM32MP133DAE7, STM32MP133DAF7, STM32MP133DAG7, STM32MP133FAE7, STM32MP133FAF7, STM32MP133FAG7, STM32MP135AAE3, STM32MP135AAF3, STM32MP135AAG3, STM32MP135CAE3, STM32MP135CAF3, STM32MP135CAG3, STM32MP135DAE7, STM32MP135DAF7, STM32MP135DAG7, STM32MP135F-DK, STM32MP135FAE7, STM32MP135FAF7, STM32MP135FAF7T, STM32MP135FAF7U, STM32MP135FAG7, STM32MP211AAL3, STM32MP211AAM3, STM32MP211AAN3, STM32MP211AAO3, STM32MP211CAL3, STM32MP211CAM3, STM32MP211CAN3, STM32MP211CAO3, STM32MP211DAL3, STM32MP211DAM3, STM32MP211DAN3, STM32MP211DAO3, STM32MP211FAL3, STM32MP211FAM3, STM32MP211FAN3, STM32MP211FAO3, STM32MP213AAL3, STM32MP213AAM3, STM32MP213AAN3, STM32MP213AAO3, STM32MP213CAL3, STM32MP213CAM3, STM32MP213CAN3, STM32MP213CAO3, STM32MP213DAL3, STM32MP213DAM3, STM32MP213DAN3, STM32MP213DAO3, STM32MP213FAL3, STM32MP213FAM3, STM32MP213FAN3, STM32MP213FAO3, STM32MP215AAL3, STM32MP215AAM3, STM32MP215AAN3, STM32MP215AAO3, STM32MP215CAL3, STM32MP215CAM3, STM32MP215CAN3, STM32MP215CAO3, STM32MP215DAL3, STM32MP215DAM3, STM32MP215DAN3, STM32MP215DAO3, STM32MP215F-DK, STM32MP215FAL3, STM32MP215FAM3, STM32MP215FAN3, STM32MP215FAO3, STM32MP231AAJ3, STM32MP231AAK3, STM32MP231AAL3, STM32MP231CAJ3, STM32MP231CAK3, STM32MP231CAL3, STM32MP231DAJ3, STM32MP231DAK3, STM32MP231DAL3, STM32MP231FAJ3, STM32MP231FAK3, STM32MP231FAL3, STM32MP233AAJ3, STM32MP233AAK3, STM32MP233AAL3, STM32MP233CAJ3, STM32MP233CAK3, STM32MP233CAL3, STM32MP233DAJ3, STM32MP233DAK3, STM32MP233DAL3, STM32MP233FAJ3, STM32MP233FAK3, STM32MP233FAL3, STM32MP235AAJ3, STM32MP235AAK3, STM32MP235AAL3, STM32MP235CAJ3, STM32MP235CAK3, STM32MP235CAL3, STM32MP235DAJ3, STM32MP235DAK3, STM32MP235DAL3, STM32MP235FAJ3, STM32MP235FAK3, STM32MP235FAL3, STM32MP251AAI3, STM32MP251AAK3, STM32MP251AAL3, STM32MP251CAI3, STM32MP251CAK3, STM32MP251CAL3, STM32MP251DAI3, STM32MP251DAK3, STM32MP251DAL3, STM32MP251FAI3, STM32MP251FAK3, STM32MP251FAL3, STM32MP253AAI3, STM32MP253AAK3, STM32MP253AAL3, STM32MP253CAI3, STM32MP253CAK3, STM32MP253CAL3, STM32MP253DAI3, STM32MP253DAK3, STM32MP253DAL3, STM32MP253FAI3, STM32MP253FAK3, STM32MP253FAL3, STM32MP255AAI3, STM32MP255AAK3, STM32MP255AAL3, STM32MP255CAI3, STM32MP255CAK3, STM32MP255CAL3, STM32MP255DAI3, STM32MP255DAK3, STM32MP255DAL3, STM32MP255FAI3, STM32MP255FAK3, STM32MP255FAL3, STM32MP257AAI3, STM32MP257AAK3, STM32MP257AAL3, STM32MP257CAI3, STM32MP257CAK3, STM32MP257CAL3, STM32MP257DAI3, STM32MP257DAK3, STM32MP257DAL3, STM32MP257F-DK, STM32MP257F-EV1, STM32MP257FAI3, STM32MP257FAK3, STM32MP257FAL3, STM32N645A0H3Q, STM32N645B0H3Q, STM32N645I0H3Q, STM32N645L0H3Q, STM32N645X0H3Q, STM32N645Z0H3Q, STM32N647A0H3Q, STM32N647B0H3Q, STM32N647I0H3Q, STM32N647L0H3Q, STM32N647X0H3Q, STM32N647Z0H3Q, STM32N655A0H3Q, STM32N655B0H3Q, STM32N655I0H3Q, STM32N655L0H3Q, STM32N655X0H3Q, STM32N655Z0H3Q, STM32N6570-DK, STM32N657A0H3Q, STM32N657B0H3Q, STM32N657I0H3Q, STM32N657L0H3Q, STM32N657X0H3Q, STM32N657Z0H3Q, STM32U031C6T6, STM32U031C6U6, STM32U031C8T6, STM32U031C8U6, STM32U031F4P6, STM32U031F6P6, STM32U031F8P6, STM32U031G6Y6TR, STM32U031G8Y6TR, STM32U031K4U6, STM32U031K6U6, STM32U031K8U6, STM32U031R6I6, STM32U031R6T6, STM32U031R8I6, STM32U031R8T6, STM32U073C8T6, STM32U073C8U6, STM32U073CBT6, STM32U073CBU6, STM32U073CCT6, STM32U073CCU6, STM32U073H8Y6TR, STM32U073HBY6TR, STM32U073HCY6TR, STM32U073K8U6, STM32U073KBU6, STM32U073KCU6, STM32U073M8I6, STM32U073M8T6, STM32U073MBI6, STM32U073MBT6, STM32U073MCI6, STM32U073MCT6, STM32U073R8I6, STM32U073R8T6, STM32U073RBI6, STM32U073RBT6, STM32U073RCI6, STM32U073RCT6, STM32U083C-DK, STM32U083CCT6, STM32U083CCU6, STM32U083HCY6TR, STM32U083KCU6, STM32U083MCI6, STM32U083MCT6, STM32U083RCI6, STM32U083RCT6, STM32U375CET6, STM32U375CET6Q, STM32U375CEU6, STM32U375CEU6Q, STM32U375CEY6QTR, STM32U375CGT6, STM32U375CGT6Q, STM32U375CGU6, STM32U375CGU6Q, STM32U375CGY6QTR, STM32U375KEU6, STM32U375KGU6, STM32U375REI6, STM32U375REI6Q, STM32U375RET6, STM32U375RET6Q, STM32U375REY6GTR, STM32U375REY6QTR, STM32U375RGI6, STM32U375RGI6Q, STM32U375RGT6, STM32U375RGT6Q, STM32U375RGY6GTR, STM32U375RGY6QTR, STM32U375VEI6, STM32U375VEI6Q, STM32U375VET6, STM32U375VET6Q, STM32U375VGI6, STM32U375VGI6Q, STM32U375VGT6, STM32U375VGT6Q, STM32U385CGT6, STM32U385CGT6Q, STM32U385CGU6, STM32U385CGU6Q, STM32U385CGY6QTR, STM32U385KGU6, STM32U385RGI6, STM32U385RGI6Q, STM32U385RGT6, STM32U385RGT6Q, STM32U385RGY6GTR, STM32U385RGY6QTR, STM32U385VGI6, STM32U385VGI6Q, STM32U385VGT6, STM32U385VGT6Q, STM32U535CBT6, STM32U535CBT6Q, STM32U535CBU6, STM32U535CBU6Q, STM32U535CCT6, STM32U535CCT6Q, STM32U535CCU6, STM32U535CCU6Q, STM32U535CET6, STM32U535CET6Q, STM32U535CEU6, STM32U535CEU6Q, STM32U535JEY6QTR, STM32U535NCY6QTR, STM32U535NEY6QTR, STM32U535RBI6, STM32U535RBI6Q, STM32U535RBT6, STM32U535RBT6Q, STM32U535RCI6, STM32U535RCI6Q, STM32U535RCT6, STM32U535RCT6Q, STM32U535REI6, STM32U535REI6Q, STM32U535RET6, STM32U535RET6Q, STM32U535VCI6, STM32U535VCI6Q, STM32U535VCT6, STM32U535VCT6Q, STM32U535VEI6, STM32U535VEI6Q, STM32U535VET6, STM32U535VET6Q, STM32U545CET6, STM32U545CET6Q, STM32U545CEU6, STM32U545CEU6Q, STM32U545JEY6QTR, STM32U545NEY6QTR, STM32U545REI6, STM32U545REI6Q, STM32U545RET6, STM32U545RET6Q, STM32U545VEI6, STM32U545VEI6Q, STM32U545VET6, STM32U545VET6Q, STM32U595AIH6, STM32U595AIH6Q, STM32U595AJH6, STM32U595AJH6Q, STM32U595QII6, STM32U595QII6Q, STM32U595QJI6, STM32U595QJI6Q, STM32U595RIT6, STM32U595RIT6Q, STM32U595RJT6, STM32U595RJT6Q, STM32U595VIT6, STM32U595VIT6Q, STM32U595VJT6, STM32U595VJT6Q, STM32U595ZIT6, STM32U595ZIT6Q, STM32U595ZIY6QTR, STM32U595ZJT6, STM32U595ZJT6Q, STM32U595ZJY6QTR, STM32U599BJY6QTR, STM32U599NIH6Q, STM32U599NJH6Q, STM32U599VIT6Q, STM32U599VJT6, STM32U599VJT6Q, STM32U599ZIT6Q, STM32U599ZIY6QTR, STM32U599ZJT6Q, STM32U599ZJY6QTR, STM32U5A5AJH6, STM32U5A5AJH6Q, STM32U5A5QII3Q , STM32U5A5QJI6, STM32U5A5QJI6Q, STM32U5A5RJT6, STM32U5A5RJT6Q, STM32U5A5VJT6, STM32U5A5VJT6Q, STM32U5A5ZJT6, STM32U5A5ZJT6Q, STM32U5A5ZJY6QTR, STM32U5A9BJY6QTR, STM32U5A9J-DK, STM32U5A9NJH6Q, STM32U5A9VJT6Q, STM32U5A9ZJT6Q, STM32U5A9ZJY6QTR, STM32U5F7VIT6, STM32U5F7VIT6Q, STM32U5F7VJT6, STM32U5F7VJT6Q, STM32U5F9BJY6QTR, STM32U5F9NJH6Q, STM32U5F9VIT6Q, STM32U5F9VJT6Q, STM32U5F9ZIJ6QTR, STM32U5F9ZIT6Q, STM32U5F9ZJJ6QTR, STM32U5F9ZJT6Q, STM32U5G7VJT6, STM32U5G7VJT6Q, STM32U5G9BJY6QTR, STM32U5G9J-DK1, STM32U5G9J-DK2, STM32U5G9NJH6Q, STM32U5G9VJT6Q, STM32U5G9ZJJ6QTR, STM32U5G9ZJT6Q, STM32WB05KZV6TR, STM32WB05KZV7TR, STM32WB05TZF6TR, STM32WB05TZF7TR, STM32WB06CCF6TR, STM32WB06CCF7TR, STM32WB06CCV6TR, STM32WB06CCV7TR, STM32WB06KCV6TR, STM32WB06KCV7TR, STM32WB07CCF6TR, STM32WB07CCF7TR, STM32WB07CCV6TR, STM32WB07CCV7TR, STM32WB07KCV6TR, STM32WB07KCV7TR, STM32WB09KEV6TR, STM32WB09KEV7TR, STM32WB09TEF6TR, STM32WB09TEF7TR, STM32WB1MMCH6, STM32WBA50KGU6, STM32WBA50KGU6TR, STM32WBA52CEU6, STM32WBA52CEU6TR, STM32WBA52CEU7, STM32WBA52CEU7TR, STM32WBA52CGU6, STM32WBA52CGU6TR, STM32WBA52CGU6U, STM32WBA52CGU7, STM32WBA52CGU7TR, STM32WBA52KEU6, STM32WBA52KEU6TR, STM32WBA52KGU6, STM32WBA52KGU6TR, STM32WBA54CEU6, STM32WBA54CEU6TR, STM32WBA54CEU7, STM32WBA54CEU7TR, STM32WBA54CGU6, STM32WBA54CGU6TR, STM32WBA54CGU7, STM32WBA54CGU7TR, STM32WBA54KEU6, STM32WBA54KEU6TR, STM32WBA54KEU7, STM32WBA54KEU7TR, STM32WBA54KGU6, STM32WBA54KGU6TR, STM32WBA54KGU7, STM32WBA54KGU7TR, STM32WBA55CEU6, STM32WBA55CEU6TR, STM32WBA55CEU7, STM32WBA55CEU7TR, STM32WBA55CGU6, STM32WBA55CGU6TR, STM32WBA55CGU6U, STM32WBA55CGU7, STM32WBA55CGU7TR, STM32WBA55G-DK1, STM32WBA55HEF6, STM32WBA55HEF7, STM32WBA55HGF6, STM32WBA55HGF7, STM32WBA55UEI6, STM32WBA55UEI6TR, STM32WBA55UEI7, STM32WBA55UEI7TR, STM32WBA55UGI6, STM32WBA55UGI6TR, STM32WBA55UGI7, STM32WBA55UGI7TR, STM32WBA5MMGH6TR, STM32WBA62MGF6, STM32WBA62MIF6, STM32WBA65MGF7, STM32WBA65MIF6, STM32WBA65MIF7, STM32WL30K8V6, STM32WL30KBV6, STM32WL31C8V6, STM32WL31CBV6, STM32WL31K8V6, STM32WL31KBV6, STM32WL33C8V6, STM32WL33C8V6X, STM32WL33CBV6, STM32WL33CBV6X, STM32WL33CCV6, STM32WL33CCV6A, STM32WL33CCV6X, STM32WL33K8V7, STM32WL33K8V7X, STM32WL33KBV7 , STM32WL33KBV7X, STM32WL33KCV7, STM32WL33KCV7X, STM32WL5MOCH6, STM32WL5MOCH6TR]
2026-02-26 12:56:47,937 [INFO] BoardInfo:889 - No configuration file found for board P-NUCLEO-WB55
2026-02-26 12:56:47,938 [INFO] DbBoards:161 - Kit is not supported: P-NUCLEO-WB55
2026-02-26 12:56:47,941 [INFO] BoardInfo:889 - No configuration file found for board STEVAL-BFA001V1B
2026-02-26 12:56:47,941 [INFO] DbBoards:161 - Kit is not supported: STEVAL-BFA001V1B
2026-02-26 12:56:47,942 [INFO] BoardInfo:889 - No configuration file found for board STEVAL-BFA001V2B
2026-02-26 12:56:47,942 [INFO] DbBoards:161 - Kit is not supported: STEVAL-BFA001V2B
2026-02-26 12:56:48,035 [INFO] DbBoards:168 - Found 212 boards, 209 are supported
2026-02-26 12:56:48,035 [INFO] DbBoards:169 - Found 212 boards, 43 of them is supported for  Bsp
2026-02-26 12:56:48,037 [INFO] ApiDb:414 - User favorites file not found: /Users/amanda/.stm32cubeide/favorites.boards.txt
2026-02-26 12:56:48,037 [INFO] DbBoards:198 - Set 0 / 0 favorites Boards
2026-02-26 12:56:48,039 [INFO] ApiDb:668 - CubeFinder database Data Model version=2.1
2026-02-26 12:56:48,039 [INFO] ApiDb:669 - CubeFinder database Configuration version=3.0.42
2026-02-26 12:56:48,039 [INFO] ApiDb:670 - CubeFinder database generation date=2026-02-13 (1770995876)
2026-02-26 12:56:48,040 [INFO] ApiDb:671 - CubeFinder database FW Pack versions=[FP-ATR-ASTRA1_V2.0.0, FP-SNS-FLIGHT1_V5.1.0, FP-SNS-MOTENV1_V5.1.0, FP-SNS-MOTENVWB1_V1.4.0, FP-SNS-SMARTAG2_V1.2.0, FP-SNS-STBOX1_V2.1.0, STM32Cube_FW_C0_V1.4.0, STM32Cube_FW_F4_V1.28.3, STM32Cube_FW_F7_V1.17.4, STM32Cube_FW_G0_V1.6.2, STM32Cube_FW_G4_V1.6.1, STM32Cube_FW_H5_V1.6.0, STM32Cube_FW_H7RS_V1.3.0, STM32Cube_FW_H7_V1.13.0, STM32Cube_FW_L0_V1.12.2, STM32Cube_FW_L4_V1.18.2, STM32Cube_FW_L5_V1.6.0, STM32Cube_FW_N6_V1.3.0, STM32Cube_FW_U0_V1.3.0, STM32Cube_FW_U3_V1.3.0, STM32Cube_FW_U5_V1.8.0, STM32Cube_FW_WB0_V1.4.0, STM32Cube_FW_WBA_V1.9.0, STM32Cube_FW_WB_V1.24.0, STM32Cube_FW_WL3_V1.4.0, STM32Cube_FW_WL_V1.5.0, X-CUBE-ALGOBUILD_V1.4.0, X-CUBE-ALS_V1.0.2, X-CUBE-AZRTOS-F4_V1.1.0, X-CUBE-AZRTOS-F7_V1.1.0, X-CUBE-AZRTOS-G0_V1.1.0, X-CUBE-AZRTOS-G4_V2.0.0, X-CUBE-AZRTOS-H7RS_V1.1.0, X-CUBE-AZRTOS-H7_V3.4.0, X-CUBE-AZRTOS-L4_V2.0.0, X-CUBE-AZRTOS-L5_V2.0.0, X-CUBE-AZRTOS-WB_V2.0.0, X-CUBE-AZRTOS-WL_V2.0.0, X-CUBE-BLE1_V7.1.0, X-CUBE-BLE2_V3.3.0, X-CUBE-BLEMGR_V4.1.0, X-CUBE-EEPRMA1_V5.2.0, X-CUBE-FREERTOS_V1.3.1, X-CUBE-GNSS1_V6.0.0, X-CUBE-MEMS1_V12.0.0, X-CUBE-NFC4_V3.0.0, X-CUBE-NFC7_V2.0.0, X-CUBE-SFXS2LP1_V4.0.0, X-CUBE-ST67W61_V1.1.0, X-CUBE-SUBG2_V5.0.0, X-CUBE-TOF1_V3.4.3]
2026-02-26 12:56:48,583 [ERROR] DbExamplesSqlite:437 - Missing JSON key: board_cpn
2026-02-26 12:56:48,583 [ERROR] DbExamplesSqlite:437 - Missing JSON key: board_cpn
2026-02-26 12:56:48,583 [ERROR] DbExamplesSqlite:437 - Missing JSON key: board_cpn
2026-02-26 12:56:48,583 [ERROR] DbExamplesSqlite:437 - Missing JSON key: board_cpn
2026-02-26 12:56:48,805 [ERROR] DbExamplesSqlite:437 - Missing JSON key: board_cpn
2026-02-26 12:56:48,805 [ERROR] DbExamplesSqlite:437 - Missing JSON key: board_cpn
2026-02-26 12:56:48,843 [INFO] DbExamplesSqlite:395 - Ignored 41 examples not supported by CubeIDE
2026-02-26 12:56:48,843 [INFO] DbExamplesSqlite:396 - Found 11202 examples active
2026-02-26 12:56:48,843 [INFO] DbExamplesSqlite:397 - Found 0 examples obsolete
2026-02-26 12:56:48,844 [INFO] DbExamplesSqlite:398 - Found 0 examples under development
2026-02-26 12:56:48,844 [INFO] DbExamplesSqlite:399 - Found 76 examples not building
2026-02-26 12:56:48,847 [INFO] DbExamples:125 - Found 11237 examples
2026-02-26 12:56:48,899 [ERROR] DbExamples:208 - Found 712 examples with invalid data (board or MCU)
2026-02-26 12:56:48,900 [INFO] DbExamples:222 - Found 134 boards with related examples
2026-02-26 12:56:48,901 [INFO] DbExamples:235 - Found 112 MCUs with related examples
2026-02-26 12:56:48,918 [INFO] ApiDb:414 - User favorites file not found: /Users/amanda/.stm32cubeide/favorites.examples.txt
2026-02-26 12:56:48,919 [INFO] DbExamples:250 - Set 0 / 0 favorites Examples
2026-02-26 12:56:49,517 [INFO] McuFinderGlobals:76 - Set McuFinderConnectedMode to true
2026-02-26 12:56:49,525 [INFO] MultiScanPanel:200 - Auto-refresh data requested => check proxy status ongoing
2026-02-26 12:56:49,527 [INFO] FinderPluginLoader:96 - Searching for filters in installed packs
2026-02-26 12:56:50,872 [INFO] LoadUrlFilesThread:185 - End of LoadServerUrlFiles without Thread
2026-02-26 12:56:50,951 [INFO] DetailPanel:341 - Set advertising image to /Users/amanda/STM32Cube/Repository//en.prom-stm32cubeaistudio-0226.png
2026-02-26 12:56:55,334 [INFO] MultiScanPanel:200 - Auto-refresh data requested => check proxy status ongoing
2026-02-26 12:56:55,545 [INFO] LoadUrlFilesThread:185 - End of LoadServerUrlFiles without Thread
2026-02-26 12:56:55,546 [INFO] DetailPanel:341 - Set advertising image to /Users/amanda/STM32Cube/Repository//en.prom-stm32cubeaistudio-0226.png
2026-02-26 12:56:55,570 [INFO] DbBoards:642 - Loading board mini-images...
2026-02-26 12:56:57,531 [INFO] DbBoards:665 - Loaded 212 board mini-images
2026-02-26 12:57:58,584 [INFO] MetaSearchPanel:254 - search for filter with key=stm32l
2026-02-26 12:58:02,029 [INFO] MetaSearchPanel:254 - search for filter with key=stm32l
2026-02-26 12:58:02,308 [INFO] MetaSearchPanel:254 - search for filter with key=stm32l
2026-02-26 12:58:43,215 [INFO] BoardResultTable:719 - Mark Board NUCLEO-L433RC-P as favorite
2026-02-26 12:58:58,190 [INFO] MainUpdater:2872 - connection check result : 10
2026-02-26 12:58:58,190 [INFO] MainUpdater:2872 - connection check result : 10
2026-02-26 12:58:58,560 [INFO] MicroXplorer:468 - Change Database Path : 
2026-02-26 12:58:58,560 [INFO] MicroXplorer:498 - Change Database Version : DB.6.0.150
2026-02-26 12:58:58,563 [WARN] ThirdParty:871 - waiting for thirdparty lock release [close project]
2026-02-26 12:58:58,564 [INFO] ThirdParty:873 - entering critical section [close project]
2026-02-26 12:58:58,568 [INFO] ThirdParty:883 - exiting critical section [close project]
2026-02-26 12:58:58,572 [INFO] PinOutPanel:1589 - setPackage(No Configuration,No Configuration)
2026-02-26 12:58:58,573 [INFO] UtilMem:75 - Begin LoadConfig() Used Memory: 966486872 Bytes (1073741824)
2026-02-26 12:58:58,576 [INFO] OpenFileManager:355 - Change cursor
2026-02-26 12:58:58,704 [INFO] ProjectFactory:514 - No CPN specified for board NUCLEO-L433RC-P => set CPN to STM32L433RCT6P
2026-02-26 12:58:58,706 [INFO] Mcu:2029 - Initializing MCU STM32L433RCTxP STM32L433RCTxP STM32L433RCT6P
2026-02-26 12:59:00,162 [INFO] Context:786 - Trying to add GPIOservice into a context  which must be forbidden
2026-02-26 12:59:00,634 [INFO] Rule:233 - rule 117617 - U5Cobra4M][GTZC] default value MPCBB3 and MPCBB5 - Not Secured memory - MPCBB1 is applicable
2026-02-26 12:59:00,636 [INFO] Rule:233 - rule 117617 - U5Cobra4M][GTZC] default value MPCBB3 and MPCBB5 - Not Secured memory - MPCBB1 is applicable
2026-02-26 12:59:00,636 [INFO] Rule:233 - rule 117617 - U5Cobra4M][GTZC] default value MPCBB3 and MPCBB5 - Not Secured memory - MPCBB2 is applicable
2026-02-26 12:59:00,636 [INFO] Rule:233 - rule 117617 - U5Cobra4M][GTZC] default value MPCBB3 and MPCBB5 - Not Secured memory - MPCBB2 is applicable
2026-02-26 12:59:00,636 [INFO] Rule:233 - rule 117617 - U5Cobra4M][GTZC] default value MPCBB3 and MPCBB5 - Not Secured memory - MPCBB3 is applicable
2026-02-26 12:59:00,636 [INFO] Rule:233 - rule 117617 - U5Cobra4M][GTZC] default value MPCBB3 and MPCBB5 - Not Secured memory - MPCBB3 is applicable
2026-02-26 12:59:00,636 [INFO] Rule:233 - rule 117617 - U5Cobra4M][GTZC] default value MPCBB3 and MPCBB5 - Not Secured memory - MPCBB4 is applicable
2026-02-26 12:59:00,636 [INFO] Rule:233 - rule 117617 - U5Cobra4M][GTZC] default value MPCBB3 and MPCBB5 - Not Secured memory - MPCBB4 is applicable
2026-02-26 12:59:00,636 [INFO] Rule:233 - rule 117617 - U5Cobra4M][GTZC] default value MPCBB3 and MPCBB5 - Secured memory - MPCBB1 is applicable
2026-02-26 12:59:00,636 [INFO] Rule:233 - rule 117617 - U5Cobra4M][GTZC] default value MPCBB3 and MPCBB5 - Secured memory - MPCBB2 is applicable
2026-02-26 12:59:00,636 [INFO] Rule:233 - rule 117617 - U5Cobra4M][GTZC] default value MPCBB3 and MPCBB5 - Secured memory - MPCBB3 is applicable
2026-02-26 12:59:00,636 [INFO] Rule:233 - rule 117617 - U5Cobra4M][GTZC] default value MPCBB3 and MPCBB5 - Secured memory - MPCBB4 is applicable
2026-02-26 12:59:00,636 [INFO] Rule:233 - rule 117617 - U5Cobra4M][GTZC] default value MPCBB3 and MPCBB5 - Privileged memory - MPCBB1 is applicable
2026-02-26 12:59:00,636 [INFO] Rule:233 - rule 117617 - U5Cobra4M][GTZC] default value MPCBB3 and MPCBB5 - Privileged memory - MPCBB2 is applicable
2026-02-26 12:59:00,636 [INFO] Rule:233 - rule 117617 - U5Cobra4M][GTZC] default value MPCBB3 and MPCBB5 - Privileged memory - MPCBB3 is applicable
2026-02-26 12:59:00,636 [INFO] Rule:233 - rule 117617 - U5Cobra4M][GTZC] default value MPCBB3 and MPCBB5 - Privileged memory - MPCBB4 is applicable
2026-02-26 12:59:00,637 [INFO] Rule:233 - rule 117617 - U5Cobra4M][GTZC] default value MPCBB3 and MPCBB5 - Not Privileged memory - MPCBB1 is applicable
2026-02-26 12:59:00,637 [INFO] Rule:233 - rule 117617 - U5Cobra4M][GTZC] default value MPCBB3 and MPCBB5 - Not Privileged memory - MPCBB2 is applicable
2026-02-26 12:59:00,637 [INFO] Rule:233 - rule 117617 - U5Cobra4M][GTZC] default value MPCBB3 and MPCBB5 - Not Privileged memory - MPCBB3 is applicable
2026-02-26 12:59:00,637 [INFO] Rule:233 - rule 117617 - U5Cobra4M][GTZC] default value MPCBB3 and MPCBB5 - Not Privileged memory - MPCBB4 is applicable
2026-02-26 12:59:00,637 [INFO] Rule:233 - rule 117617 - U5Cobra4M][GTZC] default value MPCBB3 and MPCBB5 - Privileged memory - MPCBB1 is applicable
2026-02-26 12:59:00,637 [INFO] Rule:233 - rule 117617 - U5Cobra4M][GTZC] default value MPCBB3 and MPCBB5 - Privileged memory - MPCBB2 is applicable
2026-02-26 12:59:00,637 [INFO] Rule:233 - rule 117617 - U5Cobra4M][GTZC] default value MPCBB3 and MPCBB5 - Privileged memory - MPCBB3 is applicable
2026-02-26 12:59:00,637 [INFO] Rule:233 - rule 117617 - U5Cobra4M][GTZC] default value MPCBB3 and MPCBB5 - Privileged memory - MPCBB4 is applicable
2026-02-26 12:59:00,637 [INFO] Rule:233 - rule 117617 - U5Cobra4M][GTZC] default value MPCBB3 and MPCBB5 - Privileged memory - MPCBB1 is applicable
2026-02-26 12:59:00,637 [INFO] Rule:233 - rule 117617 - U5Cobra4M][GTZC] default value MPCBB3 and MPCBB5 - Privileged memory - MPCBB2 is applicable
2026-02-26 12:59:00,637 [INFO] Rule:233 - rule 117617 - U5Cobra4M][GTZC] default value MPCBB3 and MPCBB5 - Privileged memory - MPCBB3 is applicable
2026-02-26 12:59:00,638 [INFO] Rule:233 - rule 117617 - U5Cobra4M][GTZC] default value MPCBB3 and MPCBB5 - Privileged memory - MPCBB4 is applicable
2026-02-26 12:59:00,638 [INFO] Rule:233 - rule 117617 - U5Cobra4M][GTZC] default value MPCBB3 and MPCBB5 - Not Privileged memory - MPCBB1 is applicable
2026-02-26 12:59:00,638 [INFO] Rule:233 - rule 117617 - U5Cobra4M][GTZC] default value MPCBB3 and MPCBB5 - Not Privileged memory - MPCBB2 is applicable
2026-02-26 12:59:00,638 [INFO] Rule:233 - rule 117617 - U5Cobra4M][GTZC] default value MPCBB3 and MPCBB5 - Not Privileged memory - MPCBB3 is applicable
2026-02-26 12:59:00,638 [INFO] Rule:233 - rule 117617 - U5Cobra4M][GTZC] default value MPCBB3 and MPCBB5 - Not Privileged memory - MPCBB4 is applicable
2026-02-26 12:59:00,638 [INFO] Rule:233 - rule 117617 - U5Cobra4M][GTZC] default value MPCBB3 and MPCBB5 - Privileged memory - MPCBB1 is applicable
2026-02-26 12:59:00,638 [INFO] Rule:233 - rule 117617 - U5Cobra4M][GTZC] default value MPCBB3 and MPCBB5 - Privileged memory - MPCBB2 is applicable
2026-02-26 12:59:00,638 [INFO] Rule:233 - rule 117617 - U5Cobra4M][GTZC] default value MPCBB3 and MPCBB5 - Privileged memory - MPCBB3 is applicable
2026-02-26 12:59:00,638 [INFO] Rule:233 - rule 117617 - U5Cobra4M][GTZC] default value MPCBB3 and MPCBB5 - Privileged memory - MPCBB4 is applicable
2026-02-26 12:59:00,638 [INFO] Rule:233 - rule Rename SubGHz_Phy SUBGHZ_APPLICATION SUBGHZ_PINGPONG to SUBGHZ_ADV_APPLICATION is applicable
2026-02-26 12:59:00,638 [INFO] Rule:233 - rule Rename Enabled to IBEACON is applicable
2026-02-26 12:59:00,639 [INFO] Rule:233 - rule GTZC_S instance for project manager is applicable
2026-02-26 12:59:00,639 [INFO] Rule:233 - rule GTZC_S instance for context M33S is applicable
2026-02-26 12:59:00,639 [INFO] Rule:233 - rule GTZC_S instance value for IP GTZC is applicable
2026-02-26 12:59:00,639 [INFO] Rule:233 - rule GTZC_S instance for mcu.IP is applicable
2026-02-26 12:59:00,639 [INFO] Rule:233 - rule GTZC_S instance for VP is applicable
2026-02-26 12:59:00,639 [INFO] Rule:233 - rule GTZC_S instance for signal is applicable
2026-02-26 12:59:00,639 [INFO] Rule:233 - rule GTZC_S instance for mcu.Pin is applicable
2026-02-26 12:59:00,639 [INFO] Rule:233 - rule GTZC_S instance for VP is applicable
2026-02-26 12:59:00,639 [INFO] Rule:233 - rule GTZC_S instance for signal is applicable
2026-02-26 12:59:00,639 [INFO] Rule:233 - rule GTZC_S instance for mcu is applicable
2026-02-26 12:59:00,640 [INFO] Rule:233 - rule GTZC_S instance for mcu.Pin is applicable
2026-02-26 12:59:00,640 [INFO] Rule:233 - rule GTZC_S instance value for IP GTZC is applicable
2026-02-26 12:59:00,640 [INFO] Rule:233 - rule GTZC_S instance for project manager is applicable
2026-02-26 12:59:00,640 [INFO] Rule:233 - rule GTZC_S instance for context M33S is applicable
2026-02-26 12:59:00,640 [INFO] Rule:233 - rule GTZC_S instance for VP is applicable
2026-02-26 12:59:00,640 [INFO] Rule:233 - rule GTZC_S instance for signal is applicable
2026-02-26 12:59:00,640 [INFO] Rule:233 - rule SPDIFRX instance for mcu is applicable
2026-02-26 12:59:00,640 [INFO] Rule:233 - rule Rename Tracer Mode is applicable
2026-02-26 12:59:00,640 [INFO] Rule:233 - rule SPDIFRX instance value for IP SPDIFRX is applicable
2026-02-26 12:59:00,640 [INFO] Rule:233 - rule SPDIFRX instance for signal is applicable
2026-02-26 12:59:00,640 [INFO] Rule:233 - rule SPDIFRX instance for project manager is applicable
2026-02-26 12:59:00,640 [INFO] Rule:233 - rule SPDIFRX instance for project manager is applicable
2026-02-26 12:59:00,641 [INFO] Rule:233 - rule ADC Scan  fix with FW F7 is applicable
2026-02-26 12:59:00,641 [INFO] Rule:233 - rule ADC Scan  fix with FW F7 is applicable
2026-02-26 12:59:00,641 [INFO] Rule:233 - rule WakeUp0 Mode is applicable
2026-02-26 12:59:00,641 [INFO] Rule:233 - rule WakeUp0 SIGNAL is applicable
2026-02-26 12:59:00,641 [INFO] Rule:233 - rule WakeUp1 Mode is applicable
2026-02-26 12:59:00,641 [INFO] Rule:233 - rule WakeUp1 SIGNAL is applicable
2026-02-26 12:59:00,641 [INFO] Rule:233 - rule WakeUp2 Mode is applicable
2026-02-26 12:59:00,641 [INFO] Rule:233 - rule WakeUp2 SIGNAL is applicable
2026-02-26 12:59:00,641 [INFO] Rule:233 - rule WakeUp4 Mode is applicable
2026-02-26 12:59:00,641 [INFO] Rule:233 - rule WakeUp4 SIGNAL is applicable
2026-02-26 12:59:00,641 [INFO] Rule:233 - rule WakeUp5 Mode is applicable
2026-02-26 12:59:00,641 [INFO] Rule:233 - rule WakeUp5 SIGNAL is applicable
2026-02-26 12:59:00,641 [INFO] Rule:233 - rule Change Default Value for LSE Drive Capability for WB family is applicable
2026-02-26 12:59:00,642 [INFO] Rule:233 - rule Change Default Value for ADC Clock Prescaler G0 family is applicable
2026-02-26 12:59:00,642 [INFO] Rule:233 - rule Rename AES DataEncryptionTypesList to Algorithm is applicable
2026-02-26 12:59:00,642 [INFO] Rule:233 - rule Rename TDESECB to CRYP_TDES_ECB is applicable
2026-02-26 12:59:00,642 [INFO] Rule:233 - rule Rename TDESCBC to CRYP_TDES_CBC is applicable
2026-02-26 12:59:00,642 [INFO] Rule:233 - rule Rename DESECB to CRYP_DES_ECB is applicable
2026-02-26 12:59:00,642 [INFO] Rule:233 - rule Rename DESCBC to CRYP_DES_CBC is applicable
2026-02-26 12:59:00,642 [INFO] Rule:233 - rule Rename AESECB to CRYP_AES_ECB is applicable
2026-02-26 12:59:00,642 [INFO] Rule:233 - rule Rename AESCBC to CRYP_AES_CBC is applicable
2026-02-26 12:59:00,642 [INFO] Rule:233 - rule Rename AESCTR to CRYP_AES_CTR is applicable
2026-02-26 12:59:00,642 [INFO] Rule:233 - rule Rename AESGCM to CRYP_AES_GCM is applicable
2026-02-26 12:59:00,642 [INFO] Rule:233 - rule Rename AESCCM to CRYP_AES_CCM is applicable
2026-02-26 12:59:00,642 [INFO] Rule:233 - rule USART TxPinLevelInvertParam Mode is applicable
2026-02-26 12:59:00,642 [INFO] Rule:233 - rule USART RxPinLevelInvertParam Mode is applicable
2026-02-26 12:59:00,642 [INFO] Rule:233 - rule USART DataInvertParam Mode is applicable
2026-02-26 12:59:00,642 [INFO] Rule:233 - rule USART SwapParam Mode is applicable
2026-02-26 12:59:00,642 [INFO] Rule:233 - rule USART OverrunDisableParam Mode is applicable
2026-02-26 12:59:00,642 [INFO] Rule:233 - rule USART DMADisableonRxErrorParam Mode is applicable
2026-02-26 12:59:00,642 [INFO] Rule:233 - rule USART MSBFirstParam Mode is applicable
2026-02-26 12:59:00,642 [INFO] Rule:233 - rule Update MwName for USB_DEVICE is applicable
2026-02-26 12:59:00,642 [INFO] Rule:233 - rule Change PWR_Regulator_Voltage_Scale Default Value for RCC  H7 family is applicable
2026-02-26 12:59:00,642 [INFO] Rule:233 - rule UART/USART IPParameter rename Prescaler parameter to ClockPrescaler is applicable
2026-02-26 12:59:00,642 [INFO] Rule:233 - rule UART/USART Prescaler rename Prescaler parameter to ClockPrescaler is applicable
2026-02-26 12:59:00,642 [INFO] Rule:233 - rule TIM1CLockSelection is applicable
2026-02-26 12:59:00,642 [INFO] Rule:233 - rule TIM15CLockSelection is applicable
2026-02-26 12:59:00,642 [INFO] Rule:233 - rule align RCC SDMMC3CLockSelection default value on MP1 is applicable
2026-02-26 12:59:00,642 [INFO] Rule:233 - rule align RCC SDMMC12CLockSelection default value on MP1 is applicable
2026-02-26 12:59:00,642 [INFO] Rule:233 - rule align RCC QSPICLockSelection default value on MP1 is applicable
2026-02-26 12:59:00,642 [INFO] Rule:233 - rule align RCC QSPICLockSelection default value on MP1 is applicable
2026-02-26 12:59:00,642 [INFO] Rule:233 - rule align RCC SPI6CLockSelection default value on MP1 is applicable
2026-02-26 12:59:00,642 [INFO] Rule:233 - rule align RCC LPTIM23CLockSelection default value on MP1 is applicable
2026-02-26 12:59:00,642 [INFO] Rule:233 - rule align RCC LPTIM1CLockSelection default value on MP1 is applicable
2026-02-26 12:59:00,642 [INFO] Rule:233 - rule align RCC USART1CLockSelection default value on MP1 is applicable
2026-02-26 12:59:00,642 [INFO] Rule:233 - rule align RCC USART24CLockSelection default value on MP1 is applicable
2026-02-26 12:59:00,642 [INFO] Rule:233 - rule align RCC USART6CLockSelection default value on MP1 is applicable
2026-02-26 12:59:00,642 [INFO] Rule:233 - rule align RCC UART78CLockSelection default value on MP1 is applicable
2026-02-26 12:59:00,642 [INFO] Rule:233 - rule align RCC USART35CLockSelection default value on MP1 is applicable
2026-02-26 12:59:00,642 [INFO] Rule:233 - rule align RCC SPI45CLockSelection default value on MP1 is applicable
2026-02-26 12:59:00,642 [INFO] Rule:233 - rule align RCC I2C46CLockSelection BCLK value on MP1 is applicable
2026-02-26 12:59:00,643 [INFO] Rule:233 - rule align RCC SPI45CLockSelection default value on MP1 is applicable
2026-02-26 12:59:00,643 [INFO] Rule:233 - rule align RCC I2C12CLockSelection default value on MP1 is applicable
2026-02-26 12:59:00,643 [INFO] Rule:233 - rule align RCC I2C35CLockSelection default value on MP1 is applicable
2026-02-26 12:59:00,643 [INFO] Rule:233 - rule align RCC LPTIM45CLockSelection default value on MP1 is applicable
2026-02-26 12:59:00,643 [INFO] Rule:233 - rule Rename DCMI PIXCK signal is applicable
2026-02-26 12:59:00,643 [INFO] Rule:233 - rule Change Default Value for I2C46CLockSelection MP1 family is applicable
2026-02-26 12:59:00,643 [INFO] Rule:233 - rule Change Default Value for UART for G4, G0 and WB families is applicable
2026-02-26 12:59:00,643 [INFO] Rule:233 - rule Change Default Value for USART for G4, G0 and WB families is applicable
2026-02-26 12:59:00,643 [INFO] Rule:233 - rule Change Default Value for USART for G4 family is applicable
2026-02-26 12:59:00,643 [INFO] Rule:233 - rule Change USART1CLockSelection refparam name for MP1 is applicable
2026-02-26 12:59:00,643 [INFO] Rule:233 - rule Change USART2CLockSelection refparam name for MP1 is applicable
2026-02-26 12:59:00,643 [INFO] Rule:233 - rule Change USART3CLockSelection refparam name for MP1 is applicable
2026-02-26 12:59:00,643 [INFO] Rule:233 - rule Change UART4CLockSelection refparam name for MP1 is applicable
2026-02-26 12:59:00,643 [INFO] Rule:233 - rule Change UART5CLockSelection refparam name for MP1 is applicable
2026-02-26 12:59:00,643 [INFO] Rule:233 - rule Change LPUART1CLockSelection refparam name for MP1 is applicable
2026-02-26 12:59:00,643 [INFO] Rule:233 - rule Change LPTIM1CLockSelection refparam name for MP1 is applicable
2026-02-26 12:59:00,643 [INFO] Rule:233 - rule Change LPTIM2CLockSelection refparam name for MP1 is applicable
2026-02-26 12:59:00,643 [INFO] Rule:233 - rule Change RCC_MCO1Source refparam name for MP1 is applicable
2026-02-26 12:59:00,643 [INFO] Rule:233 - rule Change LSCOSource1 refparam name for MP1 is applicable
2026-02-26 12:59:00,643 [INFO] Rule:233 - rule Change SMPSCLockSelection refparam name for MP1 is applicable
2026-02-26 12:59:00,643 [INFO] Rule:233 - rule Change LPTIM3CLockSelection refparam name for MP1 is applicable
2026-02-26 12:59:00,643 [INFO] Rule:233 - rule Change MPCBB* Default Template Mode to Parameters is applicable
2026-02-26 12:59:00,643 [INFO] Rule:233 - rule Change MPCWM* or MPCBB* Secure Mode to Parameters is applicable
2026-02-26 12:59:00,643 [INFO] Rule:233 - rule Change MPCWM* or MPCBB* No Secure Mode to Parameters is applicable
2026-02-26 12:59:00,643 [INFO] Rule:233 - rule Change TZSC IP Secure Mode to Parameters is applicable
2026-02-26 12:59:00,643 [INFO] Rule:233 - rule Change TZSC IP No Secure Mode to Parameters is applicable
2026-02-26 12:59:00,643 [INFO] Rule:233 - rule Change TZSC IP Privilege Mode to Parameters is applicable
2026-02-26 12:59:00,643 [INFO] Rule:233 - rule Change TZSC IP No Privilege Mode to Parameters is applicable
2026-02-26 12:59:00,643 [INFO] Rule:233 - rule Change TZIC IT Secure Mode to Parameters is applicable
2026-02-26 12:59:00,643 [INFO] Rule:233 - rule Change TZIC IT No Secure Mode to Parameters is applicable
2026-02-26 12:59:00,643 [INFO] Rule:233 - rule Add MPCBB1_NonSecureArea_Start_Address value with referenced to MPCBB1_NonSecureArea_Start value is applicable
2026-02-26 12:59:00,643 [INFO] Rule:233 - rule Add MPCBB2_NonSecureArea_Start_Address value with referenced to MPCBB2_NonSecureArea_Start value is applicable
2026-02-26 12:59:00,643 [INFO] Rule:233 - rule Add MPCWM1_NonSecureArea*_Start_Address value with referenced to MPCWM1_NonSecureArea*_Start value is applicable
2026-02-26 12:59:00,643 [INFO] Rule:233 - rule Add MPCWM2_NonSecureArea*_Start_Address value with referenced to MPCWM2_NonSecureArea*_Start value is applicable
2026-02-26 12:59:00,644 [INFO] Rule:233 - rule Add MPCWM3_NonSecureArea_Start_Address value with referenced to MPCWM3_NonSecureArea_Start value is applicable
2026-02-26 12:59:00,644 [INFO] Rule:233 - rule Change Default Value for PLL1UserDefinedConfig is applicable
2026-02-26 12:59:00,644 [INFO] Rule:233 - rule Change GPIO_PuPd Default Value for USART in async mode is applicable
2026-02-26 12:59:00,644 [INFO] Rule:233 - rule Change SMPSDivider Default Value is applicable
2026-02-26 12:59:00,644 [INFO] Rule:233 - rule OPAMP is applicable
2026-02-26 12:59:00,644 [INFO] Rule:233 - rule LPUART IPParameter rename Prescaler parameter to ClockPrescaler for STM32H7 is applicable
2026-02-26 12:59:00,644 [INFO] Rule:233 - rule LPUART IPParameter rename Prescaler parameter to ClockPrescaler for STM32H7 is applicable
2026-02-26 12:59:00,644 [INFO] Rule:233 - rule LPUART IPParameter rename Prescaler parameter to ClockPrescaler for STM32WB is applicable
2026-02-26 12:59:00,644 [INFO] Rule:233 - rule LPUART IPParameter rename Prescaler parameter to ClockPrescaler for STM32WB is applicable
2026-02-26 12:59:00,644 [INFO] Rule:233 - rule LPUART IPParameter rename Prescaler parameter to ClockPrescaler for STM32G4 is applicable
2026-02-26 12:59:00,644 [INFO] Rule:233 - rule LPUART IPParameter rename Prescaler parameter to ClockPrescaler for STM32G4 is applicable
2026-02-26 12:59:00,644 [INFO] Rule:233 - rule LPUART IPParameter rename Prescaler parameter to ClockPrescaler for STM32L5 is applicable
2026-02-26 12:59:00,644 [INFO] Rule:233 - rule LPUART IPParameter rename Prescaler parameter to ClockPrescaler for STM32L5 is applicable
2026-02-26 12:59:00,644 [INFO] Rule:233 - rule LPUART IPParameter rename Prescaler parameter to ClockPrescaler for STM32G4 is applicable
2026-02-26 12:59:00,644 [INFO] Rule:233 - rule LPUART IPParameter rename Prescaler parameter to ClockPrescaler for STM32G4 is applicable
2026-02-26 12:59:00,644 [INFO] Rule:233 - rule USB device lib V2.5.3 for L0 rename USBD_SUPPORT_USER_STRING parameter to USBD_SUPPORT_USER_STRING_DESC4 is applicable
2026-02-26 12:59:00,644 [INFO] Rule:233 - rule I2SCLockSelection clock entry align is applicable
2026-02-26 12:59:00,644 [INFO] Rule:233 - rule Assign TIMx context if used as SYS timebase is applicable
2026-02-26 12:59:00,644 [INFO] Rule:233 - rule Change GPIO_Pu Default Value for I2C is applicable
2026-02-26 12:59:00,644 [INFO] Rule:233 - rule Change GPIO_Pu Default Value for SMBus is applicable
2026-02-26 12:59:00,645 [INFO] Rule:233 - rule change FDCAN default value is applicable
2026-02-26 12:59:00,645 [INFO] Rule:233 - rule Change mode sai is applicable
2026-02-26 12:59:00,645 [INFO] Rule:233 - rule **Change sai mode is applicable
2026-02-26 12:59:00,645 [INFO] Rule:233 - rule Rename STM32WPAN CFG_BLE_IRK to CFG_BLE_IR is applicable
2026-02-26 12:59:00,645 [INFO] Rule:233 - rule Rename STM32WPAN CFG_BLE_ERK to CFG_BLE_ER is applicable
2026-02-26 12:59:00,645 [INFO] Rule:233 - rule Rename STM32WPAN CFG_BLE_IRK_HEX to CFG_BLE_IR_HEX is applicable
2026-02-26 12:59:00,645 [INFO] Rule:233 - rule Rename STM32WPAN CFG_BLE_ERK_HEX to CFG_BLE_ER_HEX is applicable
2026-02-26 12:59:00,645 [INFO] Rule:233 - rule Adapt Old IOC before rework replace old CORTEX_M33/CORTEX_M55 attributes by the new one. is applicable
2026-02-26 12:59:00,645 [INFO] Rule:233 - rule Rename parametre of RCC RCC_APBDBG_DIV2 to RCC_TIMPRES_DIV2 is applicable
2026-02-26 12:59:00,645 [INFO] Rule:233 - rule Rename DIE493 pin PA10 [PA12] -> PA10 is applicable
2026-02-26 12:59:00,645 [INFO] Rule:233 - rule Rename DIE493 pin PA9 [PA11] -> PA9 is applicable
2026-02-26 12:59:00,645 [INFO] Rule:233 - rule Rename DIE492 PartNumber CPN STM32WBA5MJGHx -> STM32WBA5MMGHx is applicable
2026-02-26 12:59:00,645 [INFO] Rule:233 - rule Rename DIE492 PartNumber  Name STM32WBA5MJGHx -> STM32WBA5MMGHx is applicable
2026-02-26 12:59:00,645 [INFO] Rule:233 - rule Rename DIE492 PartNumber UserName STM32WBA5MJGHx -> STM32WBA5MMGHx is applicable
2026-02-26 12:59:00,645 [INFO] Rule:233 - rule Rename DIE492 PartNumber DeviceId STM32WBA5MJGHx -> STM32WBA5MMGHx is applicable
2026-02-26 12:59:00,645 [INFO] Rule:233 - rule Adapt Old IOC CSI. is applicable
2026-02-26 12:59:00,646 [INFO] Rule:233 - rule Adapt Old IOC DCMIPP. is applicable
2026-02-26 12:59:00,646 [INFO] Rule:233 - rule Adapt Old IOC DCMIPP Mode Parallel. is applicable
2026-02-26 12:59:00,646 [INFO] Rule:233 - rule Adapt Old IOC LTDC. is applicable
2026-02-26 12:59:00,647 [INFO] Rule:233 - rule Rename STM32MP2 RIF Peripheral LTDC RIF.RISUP.LTDC_L0L1.Privilege -> RIF.RISUP.LTDC_L1L2.Privilege is applicable
2026-02-26 12:59:00,647 [INFO] Rule:233 - rule Rename STM32MP2 RIF Peripheral LTDC RIF.RISUP.LTDC_L0L1.Privilege -> RIF.RISUP.LTDC_L1L2.Privilege is applicable
2026-02-26 12:59:00,647 [INFO] Rule:233 - rule Rename STM32MP2 RIF Peripheral LTDC RIF.RISUP.LTDC_L0L1.Lock -> RIF.RISUP.LTDC_L1L2.Lock is applicable
2026-02-26 12:59:00,647 [INFO] Rule:233 - rule Rename STM32MP2 RIF Peripheral LTDC RIF.RISUP.LTDC_L2.Lock -> RIF.RISUP.LTDC_L3.Lock is applicable
2026-02-26 12:59:00,647 [INFO] Rule:233 - rule Adapt the old IOC example for updating the SYS when it is misconfigured. is applicable
2026-02-26 12:59:00,647 [INFO] Rule:233 - rule Rename STM32C09 Mcu.Package LQFP64 -> LQFP48 is applicable
2026-02-26 12:59:00,647 [INFO] Rule:233 - rule Adapt the old IOC example for updating the SYS when it is misconfigured. is applicable
2026-02-26 12:59:00,647 [INFO] Rule:233 - rule Adapt the old IOC example for updating the SYS when it is misconfigured. is applicable
2026-02-26 12:59:00,658 [INFO] DbConfProperties:307 - Apply Compatibility (15/192 Rules)
2026-02-26 12:59:00,681 [INFO] ImportTextPane:234 - (OptionalMessage_ERROR) Unable to find key (Mcu.ThirdPartyNb) in loaded IOC file
2026-02-26 12:59:00,709 [INFO] ImportTextPane:234 - (OptionalMessage_ERROR) Pin16 (VP_RIF_VS_RIF1) cannot be retrieved for this MCU
2026-02-26 12:59:00,810 [WARN] ModelIntegratedComponent:63 - No mode defined for component null
2026-02-26 12:59:00,810 [WARN] ModelIntegratedComponent:63 - No mode defined for component null
2026-02-26 12:59:00,810 [WARN] ModelIntegratedComponent:63 - No mode defined for component null
2026-02-26 12:59:00,810 [WARN] ModelIntegratedComponent:63 - No mode defined for component null
2026-02-26 12:59:00,810 [WARN] ModelIntegratedComponent:63 - No mode defined for component null
2026-02-26 12:59:00,810 [WARN] ModelIntegratedComponent:63 - No mode defined for component null
2026-02-26 12:59:00,810 [WARN] ModelIntegratedComponent:63 - No mode defined for component null
2026-02-26 12:59:00,810 [WARN] ModelIntegratedComponent:63 - No mode defined for component null
2026-02-26 12:59:00,811 [WARN] ModelIntegratedComponent:63 - No mode defined for component null
2026-02-26 12:59:00,811 [WARN] ModelIntegratedComponent:63 - No mode defined for component null
2026-02-26 12:59:00,811 [WARN] ModelIntegratedComponent:63 - No mode defined for component null
2026-02-26 12:59:00,811 [WARN] ModelIntegratedComponent:63 - No mode defined for component null
2026-02-26 12:59:00,811 [WARN] ModelIntegratedComponent:63 - No mode defined for component null
2026-02-26 12:59:00,811 [WARN] ModelIntegratedComponent:63 - No mode defined for component null
2026-02-26 12:59:00,811 [WARN] ModelIntegratedComponent:63 - No mode defined for component null
2026-02-26 12:59:00,811 [WARN] ModelIntegratedComponent:63 - No mode defined for component null
2026-02-26 12:59:00,811 [WARN] ModelIntegratedComponent:63 - No mode defined for component null
2026-02-26 12:59:00,811 [WARN] ModelIntegratedComponent:63 - No mode defined for component null
2026-02-26 12:59:00,811 [WARN] ModelIntegratedComponent:63 - No mode defined for component null
2026-02-26 12:59:00,811 [WARN] ModelIntegratedComponent:63 - No mode defined for component null
2026-02-26 12:59:00,811 [WARN] ModelIntegratedComponent:63 - No mode defined for component null
2026-02-26 12:59:00,811 [WARN] ModelIntegratedComponent:63 - No mode defined for component null
2026-02-26 12:59:00,811 [WARN] ModelIntegratedComponent:63 - No mode defined for component null
2026-02-26 12:59:00,811 [WARN] ModelIntegratedComponent:63 - No mode defined for component null
2026-02-26 12:59:00,811 [WARN] ModelIntegratedComponent:63 - No mode defined for component null
2026-02-26 12:59:00,811 [WARN] ModelIntegratedComponent:63 - No mode defined for component null
2026-02-26 12:59:00,811 [WARN] ModelIntegratedComponent:63 - No mode defined for component null
2026-02-26 12:59:00,811 [WARN] ModelIntegratedComponent:63 - No mode defined for component null
2026-02-26 12:59:00,811 [WARN] ModelIntegratedComponent:63 - No mode defined for component null
2026-02-26 12:59:00,811 [WARN] ModelIntegratedComponent:63 - No mode defined for component null
2026-02-26 12:59:00,811 [WARN] ModelIntegratedComponent:63 - No mode defined for component null
2026-02-26 12:59:00,811 [WARN] ModelIntegratedComponent:63 - No mode defined for component null
2026-02-26 12:59:00,811 [WARN] ModelIntegratedComponent:63 - No mode defined for component null
2026-02-26 12:59:00,812 [WARN] ModelIntegratedComponent:63 - No mode defined for component null
2026-02-26 12:59:00,812 [WARN] ModelIntegratedComponent:63 - No mode defined for component null
2026-02-26 12:59:00,812 [WARN] ModelPack:524 - Component already loaded: STMicroelectronics:HAL Drivers:0.0.0:STMicroelectronics:Device:STMicro_Driver:XSPI:HAL::0.0.1:HAL_XSPI
2026-02-26 12:59:00,818 [INFO] RtosManager:558 - Registered RTOS mode: class=CMSIS, group=RTOS, mode=CMSIS_V1, owner=FREERTOS
2026-02-26 12:59:00,818 [INFO] RtosManager:558 - Registered RTOS mode: class=CMSIS, group=RTOS2, mode=CMSIS_V2, owner=FREERTOS
2026-02-26 12:59:00,818 [INFO] RtosManager:558 - Registered RTOS mode: class=RTOS, group=Core, mode=CMSIS_V1, owner=FREERTOS
2026-02-26 12:59:00,818 [INFO] RtosManager:558 - Registered RTOS mode: class=RTOS, group=Core, mode=CMSIS_V2, owner=FREERTOS
2026-02-26 12:59:00,818 [WARN] ModelIntegratedComponent:184 - Missing modes for component STMicroelectronics:FreeRTOS:0.0.1:STMicroelectronics:RTOS:FreeRTOS:Core:::10.2.0:
2026-02-26 12:59:00,828 [INFO] ThirdPartyModel:298 - Start build external matchings
2026-02-26 12:59:00,832 [INFO] ThirdPartyModel:316 - End build external matchings
2026-02-26 12:59:00,842 [INFO] ImportTextPane:234 - (OptionalMessage_ERROR) IP (RCC) : Invalid parameter (FamilyName)
2026-02-26 12:59:00,842 [INFO] ImportTextPane:234 - (OptionalMessage_ERROR) IP (RCC) : Invalid parameter (I2C4Freq_Value)
2026-02-26 12:59:00,846 [INFO] ImportTextPane:234 - (OptionalMessage_ERROR) IP (RCC) : Parameter (RNGFreq_Value) has invalid value (64000000)
2026-02-26 12:59:00,846 [INFO] ImportTextPane:234 - (OptionalMessage_ERROR) IP (RCC) : Parameter (SDMMCFreq_Value) has invalid value (64000000)
2026-02-26 12:59:00,846 [INFO] ImportTextPane:234 - (OptionalMessage_ERROR) IP (RCC) : Invalid parameter (UART4Freq_Value)
2026-02-26 12:59:00,846 [INFO] ImportTextPane:234 - (OptionalMessage_ERROR) IP (RCC) : Invalid parameter (UART5Freq_Value)
2026-02-26 12:59:00,846 [INFO] ImportTextPane:234 - (OptionalMessage_ERROR) IP (RCC) : Parameter (USBFreq_Value) has invalid value (64000000)
2026-02-26 12:59:00,846 [INFO] ImportTextPane:234 - (OptionalMessage_ERROR) IP (RCC) : Invalid parameter (VCOSAI2OutputFreq_Value)
2026-02-26 12:59:01,048 [INFO] UtilMem:75 - End LoadConfig() Used Memory: 924869904 Bytes (1073741824)
2026-02-26 12:59:01,261 [WARN] ThirdParty:833 - waiting for thirdparty lock release [change project]
2026-02-26 12:59:01,267 [INFO] ThirdParty:835 - entering critical section [change project]
2026-02-26 12:59:01,267 [INFO] ThirdParty:1030 - CMSIS Pack Vendor :STMicroelectronics USBPD 4.1
2026-02-26 12:59:01,267 [INFO] ThirdParty:1030 - CMSIS Pack Vendor :STMicroelectronics USB_HOST 2.0.0
2026-02-26 12:59:01,267 [INFO] ThirdParty:1030 - CMSIS Pack Vendor :STMicroelectronics LIBJPEG 8.0.0
2026-02-26 12:59:01,267 [INFO] ThirdParty:1030 - CMSIS Pack Vendor :STMicroelectronics FP-ATR-ASTRA1 2.0.2
2026-02-26 12:59:01,267 [INFO] ThirdParty:1030 - CMSIS Pack Vendor :STMicroelectronics FP-ATR-SIGFOX1 3.2.0
2026-02-26 12:59:01,267 [INFO] ThirdParty:1030 - CMSIS Pack Vendor :STMicroelectronics X-CUBE-BLE1 7.1.0
2026-02-26 12:59:01,267 [INFO] ThirdParty:1030 - CMSIS Pack Vendor :STMicroelectronics USB_DEVICE 3.0.0
2026-02-26 12:59:01,267 [INFO] ThirdParty:1030 - CMSIS Pack Vendor :STMicroelectronics HAL Drivers 0.0.0
2026-02-26 12:59:01,267 [INFO] ThirdParty:1030 - CMSIS Pack Vendor :STMicroelectronics MBEDTLS 2.16.2
2026-02-26 12:59:01,267 [INFO] ThirdParty:1030 - CMSIS Pack Vendor :STMicroelectronics X-CUBE-ALS 1.0.2
2026-02-26 12:59:01,267 [INFO] ThirdParty:1030 - CMSIS Pack Vendor :STMicroelectronics MBEDTLS 2.14.1
2026-02-26 12:59:01,267 [INFO] ThirdParty:1030 - CMSIS Pack Vendor :STMicroelectronics USB_DEVICE 2.0.0
2026-02-26 12:59:01,267 [INFO] ThirdParty:1030 - CMSIS Pack Vendor :STMicroelectronics ThreadX 1.0.0
2026-02-26 12:59:01,267 [INFO] ThirdParty:1030 - CMSIS Pack Vendor :STMicroelectronics FP-SNS-SMARTAG2 1.2.0
2026-02-26 12:59:01,267 [INFO] ThirdParty:1030 - CMSIS Pack Vendor :STMicroelectronics FP-SNS-FLIGHT1 5.1.0
2026-02-26 12:59:01,267 [INFO] ThirdParty:1030 - CMSIS Pack Vendor :STMicroelectronics FreeRTOS 0.0.1
2026-02-26 12:59:01,267 [INFO] ThirdParty:1030 - CMSIS Pack Vendor :STMicroelectronics USB_DEVICE 1.0.0
2026-02-26 12:59:01,267 [INFO] ThirdParty:1030 - CMSIS Pack Vendor :STMicroelectronics STM32_WPAN 1.0.0
2026-02-26 12:59:01,267 [INFO] ThirdParty:1030 - CMSIS Pack Vendor :STMicroelectronics ThreadX 0.0.2
2026-02-26 12:59:01,267 [INFO] ThirdParty:1030 - CMSIS Pack Vendor :STMicroelectronics lwIP 2.0.3
2026-02-26 12:59:01,267 [INFO] ThirdParty:1030 - CMSIS Pack Vendor :STMicroelectronics lwIP 2.1.2
2026-02-26 12:59:01,267 [INFO] ThirdParty:1030 - CMSIS Pack Vendor :STMicroelectronics X-CUBE-BLE2 3.3.0
2026-02-26 12:59:01,267 [INFO] ThirdParty:1030 - CMSIS Pack Vendor :STMicroelectronics USB_HOST 1.0.0
2026-02-26 12:59:01,267 [INFO] ThirdParty:1030 - CMSIS Pack Vendor :STMicroelectronics PDM2PCM 3.1.0
2026-02-26 12:59:01,267 [INFO] ThirdParty:1030 - CMSIS Pack Vendor :STMicroelectronics PDM2PCM 3.2.0
2026-02-26 12:59:01,267 [INFO] ThirdParty:1030 - CMSIS Pack Vendor :STMicroelectronics PDM2PCM 3.3.0
2026-02-26 12:59:01,269 [INFO] ThirdParty:841 - exiting critical section [change project]
2026-02-26 12:59:02,065 [INFO] PinOutPanel:1589 - setPackage(No Configuration,No Configuration)
2026-02-26 12:59:02,101 [INFO] PinOutPanel:1589 - setPackage(STM32L433RCTxP,LQFP64)
2026-02-26 12:59:03,051 [INFO] UtilMem:75 - Before build in PCC Used Memory: 719162944 Bytes (1073741824)
2026-02-26 12:59:03,819 [INFO] UtilMem:75 - After build in PCC Used Memory: 709255360 Bytes (1073741824)
2026-02-26 12:59:03,868 [INFO] IPUIPlugin:80 - create IPUIPlugin
2026-02-26 12:59:03,868 [INFO] IPUIPlugin:80 - create IPUIPlugin
2026-02-26 12:59:03,869 [INFO] IPUIPlugin:80 - create IPUIPlugin
2026-02-26 12:59:03,869 [INFO] IPUIPlugin:80 - create IPUIPlugin
2026-02-26 12:59:03,869 [INFO] IPUIPlugin:80 - create IPUIPlugin
2026-02-26 12:59:03,870 [INFO] IPUIPlugin:80 - create IPUIPlugin
2026-02-26 12:59:03,871 [INFO] IPUIPlugin:80 - create IPUIPlugin
2026-02-26 12:59:03,872 [INFO] IPUIPlugin:80 - create IPUIPlugin
2026-02-26 12:59:03,872 [INFO] IPUIPlugin:80 - create IPUIPlugin
2026-02-26 12:59:03,872 [INFO] IPUIPlugin:80 - create IPUIPlugin
2026-02-26 12:59:03,872 [INFO] IPUIPlugin:80 - create IPUIPlugin
2026-02-26 12:59:03,872 [INFO] IPUIPlugin:80 - create IPUIPlugin
2026-02-26 12:59:03,872 [INFO] IPUIPlugin:80 - create IPUIPlugin
2026-02-26 12:59:03,872 [INFO] IPUIPlugin:80 - create IPUIPlugin
2026-02-26 12:59:03,872 [INFO] IPUIPlugin:80 - create IPUIPlugin
2026-02-26 12:59:03,872 [INFO] IPUIPlugin:80 - create IPUIPlugin
2026-02-26 12:59:03,872 [INFO] IPUIPlugin:80 - create IPUIPlugin
2026-02-26 12:59:03,873 [INFO] IPUIPlugin:80 - create IPUIPlugin
2026-02-26 12:59:03,874 [INFO] IPUIPlugin:80 - create IPUIPlugin
2026-02-26 12:59:03,874 [INFO] IPUIPlugin:80 - create IPUIPlugin
2026-02-26 12:59:03,874 [INFO] IPUIPlugin:80 - create IPUIPlugin
2026-02-26 12:59:03,874 [INFO] IPUIPlugin:80 - create IPUIPlugin
2026-02-26 12:59:03,874 [INFO] IPUIPlugin:80 - create IPUIPlugin
2026-02-26 12:59:03,874 [INFO] IPUIPlugin:80 - create IPUIPlugin
2026-02-26 12:59:03,874 [INFO] IPUIPlugin:80 - create IPUIPlugin
2026-02-26 12:59:03,874 [INFO] IPUIPlugin:80 - create IPUIPlugin
2026-02-26 12:59:03,874 [INFO] IPUIPlugin:80 - create IPUIPlugin
2026-02-26 12:59:03,874 [INFO] IPUIPlugin:80 - create IPUIPlugin
2026-02-26 12:59:03,874 [INFO] IPUIPlugin:80 - create IPUIPlugin
2026-02-26 12:59:03,875 [INFO] IPUIPlugin:80 - create IPUIPlugin
2026-02-26 12:59:03,875 [INFO] IPUIPlugin:80 - create IPUIPlugin
2026-02-26 12:59:03,875 [INFO] IPUIPlugin:80 - create IPUIPlugin
2026-02-26 12:59:03,875 [INFO] IPUIPlugin:80 - create IPUIPlugin
2026-02-26 12:59:03,875 [INFO] IPUIPlugin:80 - create IPUIPlugin
2026-02-26 12:59:03,875 [INFO] IPUIPlugin:80 - create IPUIPlugin
2026-02-26 12:59:03,875 [INFO] IPUIPlugin:80 - create IPUIPlugin
2026-02-26 12:59:03,875 [INFO] IPUIPlugin:80 - create IPUIPlugin
2026-02-26 12:59:03,876 [INFO] IPUIPlugin:80 - create IPUIPlugin
2026-02-26 12:59:03,877 [INFO] IPUIPlugin:80 - create IPUIPlugin
2026-02-26 12:59:03,877 [INFO] IPUIPlugin:80 - create IPUIPlugin
2026-02-26 12:59:03,877 [INFO] IPUIPlugin:80 - create IPUIPlugin
2026-02-26 12:59:03,877 [INFO] IPUIPlugin:80 - create IPUIPlugin
2026-02-26 12:59:03,878 [INFO] IPUIPlugin:80 - create IPUIPlugin
2026-02-26 12:59:03,878 [INFO] IPUIPlugin:80 - create IPUIPlugin
2026-02-26 12:59:03,878 [INFO] IPUIPlugin:80 - create IPUIPlugin
2026-02-26 12:59:04,074 [INFO] CADModel:165 - CPN selected for project levelSTM32L433RCT6P
2026-02-26 12:59:04,074 [INFO] CADModel:114 - Register for checkConnection events
2026-02-26 12:59:04,118 [INFO] OpenFileManager:386 - Restore cursor
2026-02-26 12:59:04,986 [INFO] UtilMem:75 - End SaveConfig() Used Memory: 897472704 Bytes (1073741824)
2026-02-26 12:59:05,764 [INFO] ServerAccessManage:452 - Complete download http(s) 200
2026-02-26 12:59:05,765 [INFO] ServerAccessManage:509 - Download File stm32cube_fw_l4_v1180.zip
2026-02-26 12:59:36,235 [INFO] AnalyticsPlugin:368 - Accepted License(s): [FW.L4.1.18.0]
2026-02-26 12:59:36,243 [INFO] FileExtend:248 - Unzip File : stm32cube_fw_l4_v1180.zip
2026-02-26 12:59:36,245 [INFO] FileExtend:263 - Standard Zip Deflate
2026-02-26 12:59:44,677 [INFO] ServerAccessManage:452 - Complete download http(s) 200
2026-02-26 12:59:44,680 [INFO] ServerAccessManage:509 - Download File stm32cube_fw_l4_v1182.zip
2026-02-26 12:59:44,685 [ERROR] LogOutputStream:75 - [STDERR_REDIRECT] Exception in thread "AWT-EventQueue-0" java.lang.NullPointerException: Cannot invoke "java.awt.Rectangle.equals(Object)" because "this.oldComponentInnards" is null
2026-02-26 12:59:44,687 [ERROR] LogOutputStream:75 - [STDERR_REDIRECT] 	at java.desktop/javax.swing.plaf.basic.BasicProgressBarUI.sizeChanged(BasicProgressBarUI.java:1051)
2026-02-26 12:59:44,691 [ERROR] LogOutputStream:75 - [STDERR_REDIRECT] 	at java.desktop/javax.swing.plaf.basic.BasicProgressBarUI.setAnimationIndex(BasicProgressBarUI.java:1011)
2026-02-26 12:59:44,693 [ERROR] LogOutputStream:75 - [STDERR_REDIRECT] 	at java.desktop/javax.swing.plaf.basic.BasicProgressBarUI.incrementAnimationIndex(BasicProgressBarUI.java:1078)
2026-02-26 12:59:44,695 [ERROR] LogOutputStream:75 - [STDERR_REDIRECT] 	at java.desktop/javax.swing.plaf.basic.BasicProgressBarUI$Animator.actionPerformed(BasicProgressBarUI.java:1286)
2026-02-26 12:59:44,697 [ERROR] LogOutputStream:75 - [STDERR_REDIRECT] 	at java.desktop/javax.swing.Timer.fireActionPerformed(Timer.java:311)
2026-02-26 12:59:44,697 [ERROR] LogOutputStream:75 - [STDERR_REDIRECT] 	at java.desktop/javax.swing.Timer$DoPostEvent.run(Timer.java:243)
2026-02-26 12:59:44,697 [ERROR] LogOutputStream:75 - [STDERR_REDIRECT] 	at java.desktop/java.awt.event.InvocationEvent.dispatch(InvocationEvent.java:318)
2026-02-26 12:59:44,698 [ERROR] LogOutputStream:75 - [STDERR_REDIRECT] 	at java.desktop/java.awt.EventQueue.dispatchEventImpl(EventQueue.java:773)
2026-02-26 12:59:44,699 [ERROR] LogOutputStream:75 - [STDERR_REDIRECT] 	at java.desktop/java.awt.EventQueue$4.run(EventQueue.java:720)
2026-02-26 12:59:44,699 [ERROR] LogOutputStream:75 - [STDERR_REDIRECT] 	at java.desktop/java.awt.EventQueue$4.run(EventQueue.java:714)
2026-02-26 12:59:44,700 [ERROR] LogOutputStream:75 - [STDERR_REDIRECT] 	at java.base/java.security.AccessController.doPrivileged(AccessController.java:400)
2026-02-26 12:59:44,701 [ERROR] LogOutputStream:75 - [STDERR_REDIRECT] 	at java.base/java.security.ProtectionDomain$JavaSecurityAccessImpl.doIntersectionPrivilege(ProtectionDomain.java:87)
2026-02-26 12:59:44,701 [ERROR] LogOutputStream:75 - [STDERR_REDIRECT] 	at java.desktop/java.awt.EventQueue.dispatchEvent(EventQueue.java:742)
2026-02-26 12:59:44,701 [ERROR] LogOutputStream:75 - [STDERR_REDIRECT] 	at java.desktop/java.awt.EventDispatchThread.pumpOneEventForFilters(EventDispatchThread.java:203)
2026-02-26 12:59:44,702 [ERROR] LogOutputStream:75 - [STDERR_REDIRECT] 	at java.desktop/java.awt.EventDispatchThread.pumpEventsForFilter(EventDispatchThread.java:124)
2026-02-26 12:59:44,703 [ERROR] LogOutputStream:75 - [STDERR_REDIRECT] 	at java.desktop/java.awt.EventDispatchThread.pumpEventsForFilter(EventDispatchThread.java:117)
2026-02-26 12:59:44,703 [ERROR] LogOutputStream:75 - [STDERR_REDIRECT] 	at java.desktop/java.awt.WaitDispatchSupport$2.run(WaitDispatchSupport.java:191)
2026-02-26 12:59:44,703 [ERROR] LogOutputStream:75 - [STDERR_REDIRECT] 	at java.desktop/java.awt.WaitDispatchSupport$4.run(WaitDispatchSupport.java:236)
2026-02-26 12:59:44,703 [ERROR] LogOutputStream:75 - [STDERR_REDIRECT] 	at java.desktop/java.awt.WaitDispatchSupport$4.run(WaitDispatchSupport.java:234)
2026-02-26 12:59:44,704 [ERROR] LogOutputStream:75 - [STDERR_REDIRECT] 	at java.base/java.security.AccessController.doPrivileged(AccessController.java:319)
2026-02-26 12:59:44,704 [ERROR] LogOutputStream:75 - [STDERR_REDIRECT] 	at java.desktop/java.awt.WaitDispatchSupport.enter(WaitDispatchSupport.java:234)
2026-02-26 12:59:44,704 [ERROR] LogOutputStream:75 - [STDERR_REDIRECT] 	at java.desktop/java.awt.Dialog.show(Dialog.java:1079)
2026-02-26 12:59:44,705 [ERROR] LogOutputStream:75 - [STDERR_REDIRECT] 	at com.st.microxplorer.plugins.updater.gui.ProgressBarDialog.startProgressBar(ProgressBarDialog.java:161)
2026-02-26 12:59:44,707 [ERROR] LogOutputStream:75 - [STDERR_REDIRECT] 	at com.st.microxplorer.plugins.updater.engine.MainUpdater.loadFirmwareName(MainUpdater.java:2447)
2026-02-26 12:59:44,708 [ERROR] LogOutputStream:75 - [STDERR_REDIRECT] 	at com.st.microxplorer.plugins.updater.Updater.getSpecificTask(Updater.java:386)
2026-02-26 12:59:44,710 [ERROR] LogOutputStream:75 - [STDERR_REDIRECT] 	at com.st.microxplorer.plugins.projectmanager.engine.MainProjectManager.startGenerateCode(MainProjectManager.java:1465)
2026-02-26 12:59:44,710 [ERROR] LogOutputStream:75 - [STDERR_REDIRECT] 	at com.st.stm32cube.common.mx.editor.CubeMxEditor.doGenerate(CubeMxEditor.java:2582)
2026-02-26 12:59:44,710 [ERROR] LogOutputStream:75 - [STDERR_REDIRECT] 	at com.st.stm32cube.common.mx.editor.CubeMxEditor$22.run(CubeMxEditor.java:2282)
2026-02-26 12:59:44,710 [ERROR] LogOutputStream:75 - [STDERR_REDIRECT] 	at com.st.stm32cube.common.mx.oss.core.awtswtbridge.AwtEnvironment$2.run(AwtEnvironment.java:166)
2026-02-26 12:59:44,711 [ERROR] LogOutputStream:75 - [STDERR_REDIRECT] 	at java.desktop/java.awt.event.InvocationEvent.dispatch(InvocationEvent.java:318)
2026-02-26 12:59:44,711 [ERROR] LogOutputStream:75 - [STDERR_REDIRECT] 	at java.desktop/java.awt.EventQueue.dispatchEventImpl(EventQueue.java:773)
2026-02-26 12:59:44,711 [ERROR] LogOutputStream:75 - [STDERR_REDIRECT] 	at java.desktop/java.awt.EventQueue$4.run(EventQueue.java:720)
2026-02-26 12:59:44,712 [ERROR] LogOutputStream:75 - [STDERR_REDIRECT] 	at java.desktop/java.awt.EventQueue$4.run(EventQueue.java:714)
2026-02-26 12:59:44,712 [ERROR] LogOutputStream:75 - [STDERR_REDIRECT] 	at java.base/java.security.AccessController.doPrivileged(AccessController.java:400)
2026-02-26 12:59:44,712 [ERROR] LogOutputStream:75 - [STDERR_REDIRECT] 	at java.base/java.security.ProtectionDomain$JavaSecurityAccessImpl.doIntersectionPrivilege(ProtectionDomain.java:87)
2026-02-26 12:59:44,713 [ERROR] LogOutputStream:75 - [STDERR_REDIRECT] 	at java.desktop/java.awt.EventQueue.dispatchEvent(EventQueue.java:742)
2026-02-26 12:59:44,713 [ERROR] LogOutputStream:75 - [STDERR_REDIRECT] 	at java.desktop/java.awt.EventDispatchThread.pumpOneEventForFilters(EventDispatchThread.java:203)
2026-02-26 12:59:44,714 [ERROR] LogOutputStream:75 - [STDERR_REDIRECT] 	at java.desktop/java.awt.EventDispatchThread.pumpEventsForFilter(EventDispatchThread.java:124)
2026-02-26 12:59:44,714 [ERROR] LogOutputStream:75 - [STDERR_REDIRECT] 	at java.desktop/java.awt.EventDispatchThread.pumpEventsForHierarchy(EventDispatchThread.java:113)
2026-02-26 12:59:44,715 [ERROR] LogOutputStream:75 - [STDERR_REDIRECT] 	at java.desktop/java.awt.EventDispatchThread.pumpEvents(EventDispatchThread.java:109)
2026-02-26 12:59:44,716 [ERROR] LogOutputStream:75 - [STDERR_REDIRECT] 	at java.desktop/java.awt.EventDispatchThread.pumpEvents(EventDispatchThread.java:101)
2026-02-26 12:59:44,717 [ERROR] LogOutputStream:75 - [STDERR_REDIRECT] 	at java.desktop/java.awt.EventDispatchThread.run(EventDispatchThread.java:90)
2026-02-26 12:59:54,407 [INFO] FileExtend:248 - Unzip File : stm32cube_fw_l4_v1182.zip
2026-02-26 12:59:54,413 [INFO] FileExtend:263 - Standard Zip Deflate
2026-02-26 12:59:59,611 [INFO] LoadServerPackagesThread:196 - End of LoadServerPackages Thread
2026-02-26 12:59:59,912 [INFO] ThirdPartyModel:298 - Start build external matchings
2026-02-26 12:59:59,936 [INFO] ThirdPartyModel:316 - End build external matchings
2026-02-26 12:59:59,945 [INFO] CheckServerUpdateThread:120 - End of CheckServer Thread
2026-02-26 12:59:59,973 [INFO] UtilMem:75 - End SaveConfig() Used Memory: 774416584 Bytes (1073741824)
2026-02-26 13:00:01,045 [INFO] BlockDiagram:2775 - set Specific Code input for plugin: NVIC
2026-02-26 13:00:01,046 [INFO] BlockDiagram:2775 - set Specific Code input for plugin: USART
2026-02-26 13:00:01,046 [INFO] BlockDiagram:2775 - set Specific Code input for plugin: SYS
2026-02-26 13:00:01,048 [INFO] BlockDiagram:2775 - set Specific Code input for plugin: GPIO
2026-02-26 13:00:01,048 [INFO] BlockDiagram:2775 - set Specific Code input for plugin: RCC
2026-02-26 13:00:01,049 [INFO] CodeGenerator:892 - code generatio: config db path: /Applications/STM32CubeIDE.app/Contents/Eclipse/plugins/com.st.stm32cube.common.mx_6.15.0.202507011659//db/
2026-02-26 13:00:01,294 [INFO] CodeEngine:265 - oldGeneratedFile, /Users/amanda/Documents/GitHub/Elektriska-gr/Labb6/MXTmpFiles/license.tmp_save
2026-02-26 13:00:01,748 [INFO] CodeEngine:289 - Generated code: /Users/amanda/Documents/GitHub/Elektriska-gr/Labb6/MXTmpFiles/license.tmp
2026-02-26 13:00:01,882 [INFO] CodeEngine:265 - oldGeneratedFile, /Users/amanda/Documents/GitHub/Elektriska-gr/Labb6/MXTmpFiles/gpio.tmp_save
2026-02-26 13:00:02,026 [INFO] CodeEngine:289 - Generated code: /Users/amanda/Documents/GitHub/Elektriska-gr/Labb6/MXTmpFiles/gpio.tmp
2026-02-26 13:00:02,468 [INFO] CodeEngine:265 - oldGeneratedFile, /Users/amanda/Documents/GitHub/Elektriska-gr/Labb6/Core/Src/stm32l4xx_it.c_save
2026-02-26 13:00:02,625 [INFO] CodeEngine:289 - Generated code: /Users/amanda/Documents/GitHub/Elektriska-gr/Labb6/Core/Src/stm32l4xx_it.c
2026-02-26 13:00:02,630 [INFO] CodeEngine:265 - oldGeneratedFile, /Users/amanda/Documents/GitHub/Elektriska-gr/Labb6/Core/Inc/stm32l4xx_it.h_save
2026-02-26 13:00:02,686 [INFO] CodeEngine:289 - Generated code: /Users/amanda/Documents/GitHub/Elektriska-gr/Labb6/Core/Inc/stm32l4xx_it.h
2026-02-26 13:00:02,702 [INFO] CodeEngine:265 - oldGeneratedFile, /Users/amanda/Documents/GitHub/Elektriska-gr/Labb6/Core/Src/stm32l4xx_hal_msp.c_save
2026-02-26 13:00:02,871 [INFO] CodeEngine:289 - Generated code: /Users/amanda/Documents/GitHub/Elektriska-gr/Labb6/Core/Src/stm32l4xx_hal_msp.c
2026-02-26 13:00:02,874 [INFO] CodeEngine:265 - oldGeneratedFile, /Users/amanda/Documents/GitHub/Elektriska-gr/Labb6/MXTmpFiles/system.tmp_save
2026-02-26 13:00:02,975 [INFO] CodeEngine:289 - Generated code: /Users/amanda/Documents/GitHub/Elektriska-gr/Labb6/MXTmpFiles/system.tmp
2026-02-26 13:00:02,986 [INFO] CodeEngine:321 - oldGeneratedFile, /Users/amanda/Documents/GitHub/Elektriska-gr/Labb6/Core/Inc/stm32l4xx_hal_conf.h_save
2026-02-26 13:00:03,049 [INFO] CodeEngine:345 - Generated code: /Users/amanda/Documents/GitHub/Elektriska-gr/Labb6/Core/Inc/stm32l4xx_hal_conf.h
2026-02-26 13:00:03,152 [INFO] ApiDbMcu:532 - Load IP Config File for USART2
2026-02-26 13:00:03,156 [INFO] ApiDbMcu:532 - Load IP Config File for RCC
2026-02-26 13:00:03,182 [INFO] CodeEngine:265 - oldGeneratedFile, /Users/amanda/Documents/GitHub/Elektriska-gr/Labb6/Core/Inc/main.h_save
2026-02-26 13:00:03,355 [INFO] CodeEngine:289 - Generated code: /Users/amanda/Documents/GitHub/Elektriska-gr/Labb6/Core/Inc/main.h
2026-02-26 13:00:03,357 [INFO] CodeEngine:265 - oldGeneratedFile, /Users/amanda/Documents/GitHub/Elektriska-gr/Labb6/Core/Src/main.c_save
2026-02-26 13:00:03,485 [INFO] CodeEngine:289 - Generated code: /Users/amanda/Documents/GitHub/Elektriska-gr/Labb6/Core/Src/main.c
2026-02-26 13:00:03,997 [INFO] ProjectBuilder:3606 - Time for Copy HAL[1] : 33mS.
2026-02-26 13:00:04,027 [INFO] ProjectBuilder:5216 - Project Generator version: 4.7.0-B52
2026-02-26 13:00:04,180 [INFO] ConfigFileManager:1595 - The Die is : DIE435
2026-02-26 13:00:04,211 [INFO] ApiDbMcu:532 - Load IP Config File for FATFS
2026-02-26 13:00:04,221 [INFO] ApiDbMcu:532 - Load IP Config File for FREERTOS
2026-02-26 13:00:04,232 [INFO] ApiDbMcu:532 - Load IP Config File for TOUCHSENSING
2026-02-26 13:00:04,239 [INFO] ApiDbMcu:532 - Load IP Config File for USB_DEVICE
2026-02-26 13:00:04,695 [INFO] LogOutputStream:77 - [STDOUT_REDIRECT] 
2026-02-26 13:00:11,226 [INFO] ProjectBuilder:5496 - Time for Generating toolchain IDE Files: 7197mS.
2026-02-26 13:00:11,228 [INFO] ProjectBuilder:3463 - Time for Copy CMSIS : 0mS.
2026-02-26 13:00:11,230 [INFO] ProjectBuilder:3463 - Time for Copy CMSIS : 0mS.
2026-02-26 13:00:12,357 [INFO] McuFinderGlobals:76 - Set McuFinderConnectedMode to true
2026-02-26 13:00:12,367 [INFO] ApiDb:448 - Save user favorites file /Users/amanda/.stm32cubeide/favorites.mcus.txt: 0 item(s)
2026-02-26 13:00:12,368 [INFO] ApiDb:452 - User favorites MCUs=[]
2026-02-26 13:00:12,390 [INFO] ApiDb:448 - Save user favorites file /Users/amanda/.stm32cubeide/favorites.boards.txt: 1 item(s)
2026-02-26 13:00:12,391 [INFO] ApiDb:452 - User favorites Boards=[NUCLEO-L433RC-P]
2026-02-26 13:45:46,113 [INFO] NvicIntPanel:101 - NVIC parent = com.st.microxplorer.plugins.ip.nvic.MultiNvicIntPanel[,0,0,450x106,layout=javax.swing.BoxLayout,alignmentX=0.0,alignmentY=0.0,border=,flags=9,maximumSize=,minimumSize=,preferredSize=]
2026-02-26 13:51:39,942 [INFO] NvicIntPanel:101 - NVIC parent = com.st.microxplorer.plugins.ip.nvic.MultiNvicIntPanel[,0,0,0x0,invalid,layout=javax.swing.BoxLayout,alignmentX=0.0,alignmentY=0.0,border=,flags=9,maximumSize=,minimumSize=,preferredSize=]
2026-02-26 13:52:11,766 [INFO] NvicIntPanel:101 - NVIC parent = com.st.microxplorer.plugins.ip.nvic.MultiNvicIntPanel[,0,0,0x0,invalid,layout=javax.swing.BoxLayout,alignmentX=0.0,alignmentY=0.0,border=,flags=9,maximumSize=,minimumSize=,preferredSize=]
2026-02-26 13:55:05,763 [INFO] NvicIntPanel:101 - NVIC parent = com.st.microxplorer.plugins.ip.nvic.MultiNvicIntPanel[,0,0,0x0,invalid,layout=javax.swing.BoxLayout,alignmentX=0.0,alignmentY=0.0,border=,flags=9,maximumSize=,minimumSize=,preferredSize=]
2026-02-26 13:57:07,521 [INFO] NvicIntPanel:101 - NVIC parent = com.st.microxplorer.plugins.ip.nvic.MultiNvicIntPanel[,0,0,0x0,invalid,layout=javax.swing.BoxLayout,alignmentX=0.0,alignmentY=0.0,border=,flags=9,maximumSize=,minimumSize=,preferredSize=]
2026-02-26 13:59:46,490 [INFO] ParamManager:905 - [Generic UI] PropertyChangeEvent: TAB_STATUS_CHANGED , "dont care", "never mind"
2026-02-26 13:59:46,594 [INFO] ParamManager:905 - [Generic UI] PropertyChangeEvent: TAB_STATUS_CHANGED , "dont care", "never mind"
2026-02-26 13:59:46,650 [INFO] ADCParametersView:116 -                Rank 1 : false
2026-02-26 13:59:46,741 [INFO] ADCParametersView:116 -                Rank 1 : false
2026-02-26 13:59:46,742 [INFO] ADCParametersView:116 -                Rank 1 : false
2026-02-26 13:59:46,743 [INFO] ADCParametersView:116 -                Rank 1 : false
2026-02-26 13:59:46,743 [INFO] ADCParametersView:116 -                Rank 1 : false
2026-02-26 13:59:46,744 [INFO] ADCParametersView:116 -                Rank 1 : false
2026-02-26 13:59:46,744 [INFO] ADCParametersView:116 -                Rank 1 : false
2026-02-26 13:59:46,744 [INFO] ADCParametersView:116 -                Rank 1 : false
2026-02-26 13:59:46,745 [INFO] ADCParametersView:116 -                Rank 1 : false
2026-02-26 13:59:46,745 [INFO] ADCParametersView:116 -                Rank 1 : false
2026-02-26 13:59:46,746 [INFO] ADCParametersView:116 -                Rank 1 : false
2026-02-26 13:59:46,746 [INFO] ADCParametersView:116 -                Rank 1 : false
2026-02-26 13:59:46,746 [INFO] ADCParametersView:116 -                Rank 1 : false
2026-02-26 13:59:46,746 [INFO] ADCParametersView:116 -                Rank 1 : false
2026-02-26 13:59:46,747 [INFO] ADCParametersView:116 -                Rank 1 : false
2026-02-26 13:59:46,747 [INFO] ADCParametersView:116 -                Rank 1 : false
2026-02-26 13:59:46,747 [INFO] ADCParametersView:116 -                Rank 1 : false
2026-02-26 13:59:46,748 [INFO] ADCParametersView:116 -                Rank 1 : false
2026-02-26 13:59:46,748 [INFO] ADCParametersView:116 -                Rank 1 : false
2026-02-26 13:59:46,748 [INFO] ADCParametersView:116 -                Rank 1 : false
2026-02-26 13:59:46,768 [INFO] ADCParametersView:116 -                Rank 1 : false
2026-02-26 13:59:46,952 [INFO] NvicIntPanel:101 - NVIC parent = com.st.microxplorer.plugins.ip.nvic.MultiNvicIntPanel[,0,0,0x0,invalid,layout=javax.swing.BoxLayout,alignmentX=0.0,alignmentY=0.0,border=,flags=9,maximumSize=,minimumSize=,preferredSize=]
2026-02-26 13:59:47,107 [INFO] NvicIntPanel:101 - NVIC parent = com.st.microxplorer.plugins.ip.nvic.MultiNvicIntPanel[,0,0,0x0,invalid,layout=javax.swing.BoxLayout,alignmentX=0.0,alignmentY=0.0,border=,flags=9,maximumSize=,minimumSize=,preferredSize=]
2026-02-26 13:59:47,211 [INFO] NvicIntPanel:101 - NVIC parent = com.st.microxplorer.plugins.ip.nvic.MultiNvicIntPanel[,0,0,0x0,invalid,layout=javax.swing.BoxLayout,alignmentX=0.0,alignmentY=0.0,border=,flags=9,maximumSize=,minimumSize=,preferredSize=]
2026-02-26 13:59:47,260 [INFO] ADCParametersView:116 -                Rank 1 : false
2026-02-26 13:59:47,261 [INFO] ADCParametersView:116 -                Rank 1 : false
2026-02-26 13:59:47,262 [INFO] ADCParametersView:116 -                Rank 1 : false
2026-02-26 13:59:47,262 [INFO] ADCParametersView:116 -                Rank 1 : false
2026-02-26 13:59:47,263 [INFO] ADCParametersView:116 -                Rank 1 : false
2026-02-26 13:59:47,263 [INFO] ADCParametersView:116 -                Rank 1 : false
2026-02-26 13:59:47,264 [INFO] ADCParametersView:116 -                Rank 1 : false
2026-02-26 13:59:47,265 [INFO] ADCParametersView:116 -                Rank 1 : false
2026-02-26 13:59:47,266 [INFO] ADCParametersView:116 -                Rank 1 : false
2026-02-26 13:59:47,268 [INFO] ADCParametersView:116 -                Rank 1 : false
2026-02-26 13:59:47,269 [INFO] ADCParametersView:116 -                Rank 1 : false
2026-02-26 13:59:47,269 [INFO] ADCParametersView:116 -                Rank 1 : false
2026-02-26 13:59:47,270 [INFO] ADCParametersView:116 -                Rank 1 : false
2026-02-26 13:59:47,270 [INFO] ADCParametersView:116 -                Rank 1 : false
2026-02-26 13:59:47,270 [INFO] ADCParametersView:116 -                Rank 1 : false
2026-02-26 13:59:47,270 [INFO] ADCParametersView:116 -                Rank 1 : false
2026-02-26 13:59:47,270 [INFO] ADCParametersView:116 -                Rank 1 : false
2026-02-26 13:59:47,271 [INFO] ADCParametersView:116 -                Rank 1 : false
2026-02-26 13:59:47,271 [INFO] ADCParametersView:116 -                Rank 1 : false
2026-02-26 13:59:47,312 [INFO] ADCParametersView:116 -                Rank 1 : false
2026-02-26 13:59:47,360 [INFO] ADCParametersView:116 -                Rank 1 : false
2026-02-26 13:59:47,361 [INFO] ADCParametersView:116 -                Rank 1 : false
2026-02-26 13:59:47,362 [INFO] ADCParametersView:116 -                Rank 1 : false
2026-02-26 13:59:47,363 [INFO] ADCParametersView:116 -                Rank 1 : false
2026-02-26 13:59:47,364 [INFO] ADCParametersView:116 -                Rank 1 : false
2026-02-26 13:59:47,364 [INFO] ADCParametersView:116 -                Rank 1 : false
2026-02-26 13:59:47,365 [INFO] ADCParametersView:116 -                Rank 1 : false
2026-02-26 13:59:47,365 [INFO] ADCParametersView:116 -                Rank 1 : false
2026-02-26 13:59:47,366 [INFO] ADCParametersView:116 -                Rank 1 : false
2026-02-26 13:59:47,366 [INFO] ADCParametersView:116 -                Rank 1 : false
2026-02-26 13:59:47,366 [INFO] ADCParametersView:116 -                Rank 1 : false
2026-02-26 13:59:47,366 [INFO] ADCParametersView:116 -                Rank 1 : false
2026-02-26 13:59:47,366 [INFO] ADCParametersView:116 -                Rank 1 : false
2026-02-26 13:59:47,367 [INFO] ADCParametersView:116 -                Rank 1 : false
2026-02-26 13:59:47,367 [INFO] ADCParametersView:116 -                Rank 1 : false
2026-02-26 13:59:47,367 [INFO] ADCParametersView:116 -                Rank 1 : false
2026-02-26 13:59:47,367 [INFO] ADCParametersView:116 -                Rank 1 : false
2026-02-26 13:59:47,372 [INFO] ADCParametersView:116 -                Rank 1 : false
2026-02-26 13:59:47,374 [INFO] ADCParametersView:116 -                Rank 1 : false
2026-02-26 13:59:47,403 [INFO] ADCParametersView:116 -                Rank 1 : false
2026-02-26 14:00:23,077 [INFO] NvicIntPanel:101 - NVIC parent = com.st.microxplorer.plugins.ip.nvic.MultiNvicIntPanel[,0,0,450x256,layout=javax.swing.BoxLayout,alignmentX=0.0,alignmentY=0.0,border=,flags=9,maximumSize=,minimumSize=,preferredSize=]
2026-02-26 14:00:36,504 [INFO] ADCParametersView:116 -                Rank 1 : false
2026-02-26 14:00:36,518 [INFO] ADCParametersView:116 -                Rank 1 : false
2026-02-26 14:00:36,519 [INFO] ADCParametersView:116 -                Rank 1 : false
2026-02-26 14:00:36,521 [INFO] ADCParametersView:116 -                Rank 1 : false
2026-02-26 14:00:36,522 [INFO] ADCParametersView:116 -                Rank 1 : false
2026-02-26 14:00:36,523 [INFO] ADCParametersView:116 -                Rank 1 : false
2026-02-26 14:00:36,524 [INFO] ADCParametersView:116 -                Rank 1 : false
2026-02-26 14:00:36,525 [INFO] ADCParametersView:116 -                Rank 1 : false
2026-02-26 14:00:36,526 [INFO] ADCParametersView:116 -                Rank 1 : false
2026-02-26 14:00:36,526 [INFO] ADCParametersView:116 -                Rank 1 : false
2026-02-26 14:00:36,526 [INFO] ADCParametersView:116 -                Rank 1 : false
2026-02-26 14:00:36,526 [INFO] ADCParametersView:116 -                Rank 1 : false
2026-02-26 14:00:36,527 [INFO] ADCParametersView:116 -                Rank 1 : false
2026-02-26 14:00:36,527 [INFO] ADCParametersView:116 -                Rank 1 : false
2026-02-26 14:00:36,527 [INFO] ADCParametersView:116 -                Rank 1 : false
2026-02-26 14:00:36,527 [INFO] ADCParametersView:116 -                Rank 1 : false
2026-02-26 14:00:36,528 [INFO] ADCParametersView:116 -                Rank 1 : false
2026-02-26 14:00:36,528 [INFO] ADCParametersView:116 -                Rank 1 : false
2026-02-26 14:00:36,528 [INFO] ADCParametersView:116 -                Rank 1 : false
2026-02-26 14:00:36,572 [INFO] ADCParametersView:116 -                Rank 1 : false
2026-02-26 14:00:39,229 [INFO] ADCParametersView:116 -                Rank 1 : false
2026-02-26 14:00:44,101 [INFO] ADCParametersView:116 -                Rank 1 : false
2026-02-26 14:01:03,552 [INFO] ADCParametersView:116 -                Rank 1 : false
2026-02-26 14:01:03,556 [INFO] ADCParametersView:116 -                Rank 1 : false
2026-02-26 14:01:03,557 [INFO] ADCParametersView:116 -                Rank 1 : false
2026-02-26 14:01:03,558 [INFO] ADCParametersView:116 -                Rank 1 : false
2026-02-26 14:01:03,559 [INFO] ADCParametersView:116 -                Rank 1 : false
2026-02-26 14:01:03,560 [INFO] ADCParametersView:116 -                Rank 1 : false
2026-02-26 14:01:03,560 [INFO] ADCParametersView:116 -                Rank 1 : false
2026-02-26 14:01:03,561 [INFO] ADCParametersView:116 -                Rank 1 : false
2026-02-26 14:01:03,562 [INFO] ADCParametersView:116 -                Rank 1 : false
2026-02-26 14:01:03,563 [INFO] ADCParametersView:116 -                Rank 1 : false
2026-02-26 14:01:03,564 [INFO] ADCParametersView:116 -                Rank 1 : false
2026-02-26 14:01:03,564 [INFO] ADCParametersView:116 -                Rank 1 : false
2026-02-26 14:01:03,565 [INFO] ADCParametersView:116 -                Rank 1 : false
2026-02-26 14:01:03,566 [INFO] ADCParametersView:116 -                Rank 1 : false
2026-02-26 14:01:03,566 [INFO] ADCParametersView:116 -                Rank 1 : false
2026-02-26 14:01:03,566 [INFO] ADCParametersView:116 -                Rank 1 : false
2026-02-26 14:01:03,566 [INFO] ADCParametersView:116 -                Rank 1 : false
2026-02-26 14:01:03,567 [INFO] ADCParametersView:116 -                Rank 1 : false
2026-02-26 14:01:03,567 [INFO] ADCParametersView:116 -                Rank 1 : false
2026-02-26 14:01:03,623 [INFO] ADCParametersView:116 -                Rank 1 : false
2026-02-26 14:01:27,424 [INFO] ADCParametersView:116 -                Rank 1 : false
2026-02-26 14:01:27,432 [INFO] ADCParametersView:116 -                Rank 1 : false
2026-02-26 14:01:27,434 [INFO] ADCParametersView:116 -                Rank 1 : false
2026-02-26 14:01:27,434 [INFO] ADCParametersView:116 -                Rank 1 : false
2026-02-26 14:01:27,434 [INFO] ADCParametersView:116 -                Rank 1 : false
2026-02-26 14:01:27,434 [INFO] ADCParametersView:116 -                Rank 1 : false
2026-02-26 14:01:27,435 [INFO] ADCParametersView:116 -                Rank 1 : false
2026-02-26 14:01:27,435 [INFO] ADCParametersView:116 -                Rank 1 : false
2026-02-26 14:01:27,435 [INFO] ADCParametersView:116 -                Rank 1 : false
2026-02-26 14:01:27,435 [INFO] ADCParametersView:116 -                Rank 1 : false
2026-02-26 14:01:27,436 [INFO] ADCParametersView:116 -                Rank 1 : false
2026-02-26 14:01:27,436 [INFO] ADCParametersView:116 -                Rank 1 : false
2026-02-26 14:01:27,436 [INFO] ADCParametersView:116 -                Rank 1 : false
2026-02-26 14:01:27,436 [INFO] ADCParametersView:116 -                Rank 1 : false
2026-02-26 14:01:27,436 [INFO] ADCParametersView:116 -                Rank 1 : false
2026-02-26 14:01:27,436 [INFO] ADCParametersView:116 -                Rank 1 : false
2026-02-26 14:01:27,436 [INFO] ADCParametersView:116 -                Rank 1 : false
2026-02-26 14:01:27,437 [INFO] ADCParametersView:116 -                Rank 1 : false
2026-02-26 14:01:27,437 [INFO] ADCParametersView:116 -                Rank 1 : false
2026-02-26 14:01:27,475 [INFO] ADCParametersView:116 -                Rank 1 : false
2026-02-26 14:01:27,590 [INFO] ADCParametersView:116 -                Rank 1 : false
2026-02-26 14:01:27,591 [INFO] ADCParametersView:116 -                Rank 1 : false
2026-02-26 14:01:27,592 [INFO] ADCParametersView:116 -                Rank 1 : false
2026-02-26 14:01:27,593 [INFO] ADCParametersView:116 -                Rank 1 : false
2026-02-26 14:01:27,593 [INFO] ADCParametersView:116 -                Rank 1 : false
2026-02-26 14:01:27,593 [INFO] ADCParametersView:116 -                Rank 1 : false
2026-02-26 14:01:27,593 [INFO] ADCParametersView:116 -                Rank 1 : false
2026-02-26 14:01:27,593 [INFO] ADCParametersView:116 -                Rank 1 : false
2026-02-26 14:01:27,594 [INFO] ADCParametersView:116 -                Rank 1 : false
2026-02-26 14:01:27,594 [INFO] ADCParametersView:116 -                Rank 1 : false
2026-02-26 14:01:27,594 [INFO] ADCParametersView:116 -                Rank 1 : false
2026-02-26 14:01:27,594 [INFO] ADCParametersView:116 -                Rank 1 : false
2026-02-26 14:01:27,595 [INFO] ADCParametersView:116 -                Rank 1 : false
2026-02-26 14:01:27,595 [INFO] ADCParametersView:116 -                Rank 1 : false
2026-02-26 14:01:27,595 [INFO] ADCParametersView:116 -                Rank 1 : false
2026-02-26 14:01:27,595 [INFO] ADCParametersView:116 -                Rank 1 : false
2026-02-26 14:01:27,595 [INFO] ADCParametersView:116 -                Rank 1 : false
2026-02-26 14:01:27,595 [INFO] ADCParametersView:116 -                Rank 1 : false
2026-02-26 14:01:27,595 [INFO] ADCParametersView:116 -                Rank 1 : false
2026-02-26 14:01:27,605 [INFO] ADCParametersView:116 -                Rank 1 : false
2026-02-26 14:01:27,698 [INFO] ADCParametersView:116 -                Rank 1 : false
2026-02-26 14:01:27,699 [INFO] ADCParametersView:116 -                Rank 1 : false
2026-02-26 14:01:27,700 [INFO] ADCParametersView:116 -                Rank 1 : false
2026-02-26 14:01:27,700 [INFO] ADCParametersView:116 -                Rank 1 : false
2026-02-26 14:01:27,701 [INFO] ADCParametersView:116 -                Rank 1 : false
2026-02-26 14:01:27,701 [INFO] ADCParametersView:116 -                Rank 1 : false
2026-02-26 14:01:27,701 [INFO] ADCParametersView:116 -                Rank 1 : false
2026-02-26 14:01:27,701 [INFO] ADCParametersView:116 -                Rank 1 : false
2026-02-26 14:01:27,701 [INFO] ADCParametersView:116 -                Rank 1 : false
2026-02-26 14:01:27,702 [INFO] ADCParametersView:116 -                Rank 1 : false
2026-02-26 14:01:27,702 [INFO] ADCParametersView:116 -                Rank 1 : false
2026-02-26 14:01:27,702 [INFO] ADCParametersView:116 -                Rank 1 : false
2026-02-26 14:01:27,702 [INFO] ADCParametersView:116 -                Rank 1 : false
2026-02-26 14:01:27,702 [INFO] ADCParametersView:116 -                Rank 1 : false
2026-02-26 14:01:27,702 [INFO] ADCParametersView:116 -                Rank 1 : false
2026-02-26 14:01:27,702 [INFO] ADCParametersView:116 -                Rank 1 : false
2026-02-26 14:01:27,702 [INFO] ADCParametersView:116 -                Rank 1 : false
2026-02-26 14:01:27,702 [INFO] ADCParametersView:116 -                Rank 1 : false
2026-02-26 14:01:27,703 [INFO] ADCParametersView:116 -                Rank 1 : false
2026-02-26 14:01:27,730 [INFO] ADCParametersView:116 -                Rank 1 : false
2026-02-26 14:01:27,768 [INFO] ADCParametersView:116 -                Rank 1 : false
2026-02-26 14:01:27,768 [INFO] ADCParametersView:116 -                Rank 1 : false
2026-02-26 14:01:27,768 [INFO] ADCParametersView:116 -                Rank 1 : false
2026-02-26 14:01:27,768 [INFO] ADCParametersView:116 -                Rank 1 : false
2026-02-26 14:01:27,769 [INFO] ADCParametersView:116 -                Rank 1 : false
2026-02-26 14:01:27,769 [INFO] ADCParametersView:116 -                Rank 1 : false
2026-02-26 14:01:27,769 [INFO] ADCParametersView:116 -                Rank 1 : false
2026-02-26 14:01:27,771 [INFO] ADCParametersView:116 -                Rank 1 : false
2026-02-26 14:01:27,773 [INFO] ADCParametersView:116 -                Rank 1 : false
2026-02-26 14:01:27,773 [INFO] ADCParametersView:116 -                Rank 1 : false
2026-02-26 14:01:27,773 [INFO] ADCParametersView:116 -                Rank 1 : false
2026-02-26 14:01:27,774 [INFO] ADCParametersView:116 -                Rank 1 : false
2026-02-26 14:01:27,774 [INFO] ADCParametersView:116 -                Rank 1 : false
2026-02-26 14:01:27,774 [INFO] ADCParametersView:116 -                Rank 1 : false
2026-02-26 14:01:27,774 [INFO] ADCParametersView:116 -                Rank 1 : false
2026-02-26 14:01:27,774 [INFO] ADCParametersView:116 -                Rank 1 : false
2026-02-26 14:01:27,774 [INFO] ADCParametersView:116 -                Rank 1 : false
2026-02-26 14:01:27,774 [INFO] ADCParametersView:116 -                Rank 1 : false
2026-02-26 14:01:27,774 [INFO] ADCParametersView:116 -                Rank 1 : false
2026-02-26 14:01:27,801 [INFO] ADCParametersView:116 -                Rank 1 : false
2026-02-26 14:01:28,458 [INFO] ADCParametersView:116 -                Rank 1 : false
2026-02-26 14:01:28,478 [INFO] ADCParametersView:116 -                Rank 1 : false
2026-02-26 14:01:28,481 [INFO] ADCParametersView:116 -                Rank 1 : false
2026-02-26 14:01:28,481 [INFO] ADCParametersView:116 -                Rank 1 : false
2026-02-26 14:01:28,482 [INFO] ADCParametersView:116 -                Rank 1 : false
2026-02-26 14:01:28,482 [INFO] ADCParametersView:116 -                Rank 1 : false
2026-02-26 14:01:28,482 [INFO] ADCParametersView:116 -                Rank 1 : false
2026-02-26 14:01:28,482 [INFO] ADCParametersView:116 -                Rank 1 : false
2026-02-26 14:01:28,482 [INFO] ADCParametersView:116 -                Rank 1 : false
2026-02-26 14:01:28,483 [INFO] ADCParametersView:116 -                Rank 1 : false
2026-02-26 14:01:28,483 [INFO] ADCParametersView:116 -                Rank 1 : false
2026-02-26 14:01:28,483 [INFO] ADCParametersView:116 -                Rank 1 : false
2026-02-26 14:01:28,483 [INFO] ADCParametersView:116 -                Rank 1 : false
2026-02-26 14:01:28,483 [INFO] ADCParametersView:116 -                Rank 1 : false
2026-02-26 14:01:28,483 [INFO] ADCParametersView:116 -                Rank 1 : false
2026-02-26 14:01:28,484 [INFO] ADCParametersView:116 -                Rank 1 : false
2026-02-26 14:01:28,484 [INFO] ADCParametersView:116 -                Rank 1 : false
2026-02-26 14:01:28,484 [INFO] ADCParametersView:116 -                Rank 1 : false
2026-02-26 14:01:28,484 [INFO] ADCParametersView:116 -                Rank 1 : false
2026-02-26 14:01:28,539 [INFO] ADCParametersView:116 -                Rank 1 : false
2026-02-26 14:01:28,662 [INFO] ADCParametersView:116 -                Rank 1 : false
2026-02-26 14:01:28,663 [INFO] ADCParametersView:116 -                Rank 1 : false
2026-02-26 14:01:28,663 [INFO] ADCParametersView:116 -                Rank 1 : false
2026-02-26 14:01:28,664 [INFO] ADCParametersView:116 -                Rank 1 : false
2026-02-26 14:01:28,664 [INFO] ADCParametersView:116 -                Rank 1 : false
2026-02-26 14:01:28,664 [INFO] ADCParametersView:116 -                Rank 1 : false
2026-02-26 14:01:28,664 [INFO] ADCParametersView:116 -                Rank 1 : false
2026-02-26 14:01:28,664 [INFO] ADCParametersView:116 -                Rank 1 : false
2026-02-26 14:01:28,664 [INFO] ADCParametersView:116 -                Rank 1 : false
2026-02-26 14:01:28,665 [INFO] ADCParametersView:116 -                Rank 1 : false
2026-02-26 14:01:28,665 [INFO] ADCParametersView:116 -                Rank 1 : false
2026-02-26 14:01:28,665 [INFO] ADCParametersView:116 -                Rank 1 : false
2026-02-26 14:01:28,665 [INFO] ADCParametersView:116 -                Rank 1 : false
2026-02-26 14:01:28,665 [INFO] ADCParametersView:116 -                Rank 1 : false
2026-02-26 14:01:28,665 [INFO] ADCParametersView:116 -                Rank 1 : false
2026-02-26 14:01:28,665 [INFO] ADCParametersView:116 -                Rank 1 : false
2026-02-26 14:01:28,665 [INFO] ADCParametersView:116 -                Rank 1 : false
2026-02-26 14:01:28,665 [INFO] ADCParametersView:116 -                Rank 1 : false
2026-02-26 14:01:28,665 [INFO] ADCParametersView:116 -                Rank 1 : false
2026-02-26 14:01:28,688 [INFO] ADCParametersView:116 -                Rank 1 : false
2026-02-26 14:02:24,312 [INFO] NvicIntPanel:101 - NVIC parent = com.st.microxplorer.plugins.ip.nvic.MultiNvicIntPanel[,0,0,0x0,invalid,layout=javax.swing.BoxLayout,alignmentX=0.0,alignmentY=0.0,border=,flags=9,maximumSize=,minimumSize=,preferredSize=]
2026-02-26 14:02:24,731 [INFO] ADCParametersView:116 -                Rank 1 : false
2026-02-26 14:02:24,752 [INFO] ADCParametersView:116 -                Rank 1 : false
2026-02-26 14:02:24,755 [INFO] ADCParametersView:116 -                Rank 1 : false
2026-02-26 14:02:24,755 [INFO] ADCParametersView:116 -                Rank 1 : false
2026-02-26 14:02:24,755 [INFO] ADCParametersView:116 -                Rank 1 : false
2026-02-26 14:02:24,756 [INFO] ADCParametersView:116 -                Rank 1 : false
2026-02-26 14:02:24,756 [INFO] ADCParametersView:116 -                Rank 1 : false
2026-02-26 14:02:24,756 [INFO] ADCParametersView:116 -                Rank 1 : false
2026-02-26 14:02:24,756 [INFO] ADCParametersView:116 -                Rank 1 : false
2026-02-26 14:02:24,756 [INFO] ADCParametersView:116 -                Rank 1 : false
2026-02-26 14:02:24,757 [INFO] ADCParametersView:116 -                Rank 1 : false
2026-02-26 14:02:24,758 [INFO] ADCParametersView:116 -                Rank 1 : false
2026-02-26 14:02:24,758 [INFO] ADCParametersView:116 -                Rank 1 : false
2026-02-26 14:02:24,758 [INFO] ADCParametersView:116 -                Rank 1 : false
2026-02-26 14:02:24,758 [INFO] ADCParametersView:116 -                Rank 1 : false
2026-02-26 14:02:24,758 [INFO] ADCParametersView:116 -                Rank 1 : false
2026-02-26 14:02:24,758 [INFO] ADCParametersView:116 -                Rank 1 : false
2026-02-26 14:02:24,758 [INFO] ADCParametersView:116 -                Rank 1 : false
2026-02-26 14:02:24,759 [INFO] ADCParametersView:116 -                Rank 1 : false
2026-02-26 14:02:24,880 [INFO] ADCParametersView:116 -                Rank 1 : false
2026-02-26 14:02:25,002 [INFO] ADCParametersView:116 -                Rank 1 : false
2026-02-26 14:02:25,003 [INFO] ADCParametersView:116 -                Rank 1 : false
2026-02-26 14:02:25,003 [INFO] ADCParametersView:116 -                Rank 1 : false
2026-02-26 14:02:25,003 [INFO] ADCParametersView:116 -                Rank 1 : false
2026-02-26 14:02:25,003 [INFO] ADCParametersView:116 -                Rank 1 : false
2026-02-26 14:02:25,003 [INFO] ADCParametersView:116 -                Rank 1 : false
2026-02-26 14:02:25,004 [INFO] ADCParametersView:116 -                Rank 1 : false
2026-02-26 14:02:25,004 [INFO] ADCParametersView:116 -                Rank 1 : false
2026-02-26 14:02:25,004 [INFO] ADCParametersView:116 -                Rank 1 : false
2026-02-26 14:02:25,004 [INFO] ADCParametersView:116 -                Rank 1 : false
2026-02-26 14:02:25,004 [INFO] ADCParametersView:116 -                Rank 1 : false
2026-02-26 14:02:25,004 [INFO] ADCParametersView:116 -                Rank 1 : false
2026-02-26 14:02:25,005 [INFO] ADCParametersView:116 -                Rank 1 : false
2026-02-26 14:02:25,005 [INFO] ADCParametersView:116 -                Rank 1 : false
2026-02-26 14:02:25,005 [INFO] ADCParametersView:116 -                Rank 1 : false
2026-02-26 14:02:25,005 [INFO] ADCParametersView:116 -                Rank 1 : false
2026-02-26 14:02:25,005 [INFO] ADCParametersView:116 -                Rank 1 : false
2026-02-26 14:02:25,005 [INFO] ADCParametersView:116 -                Rank 1 : false
2026-02-26 14:02:25,005 [INFO] ADCParametersView:116 -                Rank 1 : false
2026-02-26 14:02:25,030 [INFO] ADCParametersView:116 -                Rank 1 : false
2026-02-26 14:02:25,218 [INFO] ADCParametersView:116 -                Rank 1 : false
2026-02-26 14:02:25,221 [INFO] ADCParametersView:116 -                Rank 1 : false
2026-02-26 14:02:25,221 [INFO] ADCParametersView:116 -                Rank 1 : false
2026-02-26 14:02:25,221 [INFO] ADCParametersView:116 -                Rank 1 : false
2026-02-26 14:02:25,222 [INFO] ADCParametersView:116 -                Rank 1 : false
2026-02-26 14:02:25,222 [INFO] ADCParametersView:116 -                Rank 1 : false
2026-02-26 14:02:25,222 [INFO] ADCParametersView:116 -                Rank 1 : false
2026-02-26 14:02:25,222 [INFO] ADCParametersView:116 -                Rank 1 : false
2026-02-26 14:02:25,222 [INFO] ADCParametersView:116 -                Rank 1 : false
2026-02-26 14:02:25,223 [INFO] ADCParametersView:116 -                Rank 1 : false
2026-02-26 14:02:25,223 [INFO] ADCParametersView:116 -                Rank 1 : false
2026-02-26 14:02:25,223 [INFO] ADCParametersView:116 -                Rank 1 : false
2026-02-26 14:02:25,223 [INFO] ADCParametersView:116 -                Rank 1 : false
2026-02-26 14:02:25,223 [INFO] ADCParametersView:116 -                Rank 1 : false
2026-02-26 14:02:25,223 [INFO] ADCParametersView:116 -                Rank 1 : false
2026-02-26 14:02:25,223 [INFO] ADCParametersView:116 -                Rank 1 : false
2026-02-26 14:02:25,224 [INFO] ADCParametersView:116 -                Rank 1 : false
2026-02-26 14:02:25,224 [INFO] ADCParametersView:116 -                Rank 1 : false
2026-02-26 14:02:25,224 [INFO] ADCParametersView:116 -                Rank 1 : false
2026-02-26 14:02:25,251 [INFO] ADCParametersView:116 -                Rank 1 : false
2026-02-26 14:02:25,281 [INFO] ADCParametersView:116 -                Rank 1 : false
2026-02-26 14:02:25,281 [INFO] ADCParametersView:116 -                Rank 1 : false
2026-02-26 14:02:25,282 [INFO] ADCParametersView:116 -                Rank 1 : false
2026-02-26 14:02:25,282 [INFO] ADCParametersView:116 -                Rank 1 : false
2026-02-26 14:02:25,282 [INFO] ADCParametersView:116 -                Rank 1 : false
2026-02-26 14:02:25,282 [INFO] ADCParametersView:116 -                Rank 1 : false
2026-02-26 14:02:25,282 [INFO] ADCParametersView:116 -                Rank 1 : false
2026-02-26 14:02:25,282 [INFO] ADCParametersView:116 -                Rank 1 : false
2026-02-26 14:02:25,283 [INFO] ADCParametersView:116 -                Rank 1 : false
2026-02-26 14:02:25,283 [INFO] ADCParametersView:116 -                Rank 1 : false
2026-02-26 14:02:25,283 [INFO] ADCParametersView:116 -                Rank 1 : false
2026-02-26 14:02:25,283 [INFO] ADCParametersView:116 -                Rank 1 : false
2026-02-26 14:02:25,283 [INFO] ADCParametersView:116 -                Rank 1 : false
2026-02-26 14:02:25,283 [INFO] ADCParametersView:116 -                Rank 1 : false
2026-02-26 14:02:25,283 [INFO] ADCParametersView:116 -                Rank 1 : false
2026-02-26 14:02:25,284 [INFO] ADCParametersView:116 -                Rank 1 : false
2026-02-26 14:02:25,284 [INFO] ADCParametersView:116 -                Rank 1 : false
2026-02-26 14:02:25,284 [INFO] ADCParametersView:116 -                Rank 1 : false
2026-02-26 14:02:25,284 [INFO] ADCParametersView:116 -                Rank 1 : false
2026-02-26 14:02:25,307 [INFO] ADCParametersView:116 -                Rank 1 : false
2026-02-26 14:02:29,599 [INFO] ADCParametersView:116 -                Rank 1 : false
2026-02-26 14:02:29,601 [INFO] ADCParametersView:116 -                Rank 1 : false
2026-02-26 14:02:29,602 [INFO] ADCParametersView:116 -                Rank 1 : false
2026-02-26 14:02:29,602 [INFO] ADCParametersView:116 -                Rank 1 : false
2026-02-26 14:02:29,602 [INFO] ADCParametersView:116 -                Rank 1 : false
2026-02-26 14:02:29,603 [INFO] ADCParametersView:116 -                Rank 1 : false
2026-02-26 14:02:29,603 [INFO] ADCParametersView:116 -                Rank 1 : false
2026-02-26 14:02:29,603 [INFO] ADCParametersView:116 -                Rank 1 : false
2026-02-26 14:02:29,603 [INFO] ADCParametersView:116 -                Rank 1 : false
2026-02-26 14:02:29,604 [INFO] ADCParametersView:116 -                Rank 1 : false
2026-02-26 14:02:29,604 [INFO] ADCParametersView:116 -                Rank 1 : false
2026-02-26 14:02:29,604 [INFO] ADCParametersView:116 -                Rank 1 : false
2026-02-26 14:02:29,604 [INFO] ADCParametersView:116 -                Rank 1 : false
2026-02-26 14:02:29,604 [INFO] ADCParametersView:116 -                Rank 1 : false
2026-02-26 14:02:29,605 [INFO] ADCParametersView:116 -                Rank 1 : false
2026-02-26 14:02:29,605 [INFO] ADCParametersView:116 -                Rank 1 : false
2026-02-26 14:02:29,605 [INFO] ADCParametersView:116 -                Rank 1 : false
2026-02-26 14:02:29,605 [INFO] ADCParametersView:116 -                Rank 1 : false
2026-02-26 14:02:29,605 [INFO] ADCParametersView:116 -                Rank 1 : false
2026-02-26 14:02:29,639 [INFO] ADCParametersView:116 -                Rank 1 : false
2026-02-26 14:02:46,110 [INFO] ParamManager:905 - [Generic UI] PropertyChangeEvent: TAB_STATUS_CHANGED , "dont care", "never mind"
2026-02-26 14:02:46,137 [INFO] ADCParametersView:116 -                Rank 1 : false
2026-02-26 14:02:46,141 [INFO] ADCParametersView:116 -                Rank 1 : false
2026-02-26 14:02:46,141 [INFO] ADCParametersView:116 -                Rank 1 : false
2026-02-26 14:02:46,141 [INFO] ADCParametersView:116 -                Rank 1 : false
2026-02-26 14:02:46,142 [INFO] ADCParametersView:116 -                Rank 1 : false
2026-02-26 14:02:46,142 [INFO] ADCParametersView:116 -                Rank 1 : false
2026-02-26 14:02:46,142 [INFO] ADCParametersView:116 -                Rank 1 : false
2026-02-26 14:02:46,142 [INFO] ADCParametersView:116 -                Rank 1 : false
2026-02-26 14:02:46,142 [INFO] ADCParametersView:116 -                Rank 1 : false
2026-02-26 14:02:46,142 [INFO] ADCParametersView:116 -                Rank 1 : false
2026-02-26 14:02:46,143 [INFO] ADCParametersView:116 -                Rank 1 : false
2026-02-26 14:02:46,143 [INFO] ADCParametersView:116 -                Rank 1 : false
2026-02-26 14:02:46,143 [INFO] ADCParametersView:116 -                Rank 1 : false
2026-02-26 14:02:46,143 [INFO] ADCParametersView:116 -                Rank 1 : false
2026-02-26 14:02:46,143 [INFO] ADCParametersView:116 -                Rank 1 : false
2026-02-26 14:02:46,143 [INFO] ADCParametersView:116 -                Rank 1 : false
2026-02-26 14:02:46,143 [INFO] ADCParametersView:116 -                Rank 1 : false
2026-02-26 14:02:46,143 [INFO] ADCParametersView:116 -                Rank 1 : false
2026-02-26 14:02:46,143 [INFO] ADCParametersView:116 -                Rank 1 : false
2026-02-26 14:02:46,149 [INFO] ParamManager:905 - [Generic UI] PropertyChangeEvent: TAB_STATUS_CHANGED , "dont care", "never mind"
2026-02-26 14:02:46,189 [INFO] ADCParametersView:116 -                Rank 1 : false
2026-02-26 14:02:46,307 [INFO] ADCParametersView:116 -                Rank 1 : false
2026-02-26 14:02:46,307 [INFO] ADCParametersView:116 -                Rank 1 : false
2026-02-26 14:02:46,307 [INFO] ADCParametersView:116 -                Rank 1 : false
2026-02-26 14:02:46,308 [INFO] ADCParametersView:116 -                Rank 1 : false
2026-02-26 14:02:46,308 [INFO] ADCParametersView:116 -                Rank 1 : false
2026-02-26 14:02:46,308 [INFO] ADCParametersView:116 -                Rank 1 : false
2026-02-26 14:02:46,308 [INFO] ADCParametersView:116 -                Rank 1 : false
2026-02-26 14:02:46,308 [INFO] ADCParametersView:116 -                Rank 1 : false
2026-02-26 14:02:46,309 [INFO] ADCParametersView:116 -                Rank 1 : false
2026-02-26 14:02:46,309 [INFO] ADCParametersView:116 -                Rank 1 : false
2026-02-26 14:02:46,309 [INFO] ADCParametersView:116 -                Rank 1 : false
2026-02-26 14:02:46,309 [INFO] ADCParametersView:116 -                Rank 1 : false
2026-02-26 14:02:46,309 [INFO] ADCParametersView:116 -                Rank 1 : false
2026-02-26 14:02:46,309 [INFO] ADCParametersView:116 -                Rank 1 : false
2026-02-26 14:02:46,309 [INFO] ADCParametersView:116 -                Rank 1 : false
2026-02-26 14:02:46,309 [INFO] ADCParametersView:116 -                Rank 1 : false
2026-02-26 14:02:46,310 [INFO] ADCParametersView:116 -                Rank 1 : false
2026-02-26 14:02:46,310 [INFO] ADCParametersView:116 -                Rank 1 : false
2026-02-26 14:02:46,310 [INFO] ADCParametersView:116 -                Rank 1 : false
2026-02-26 14:02:46,321 [INFO] ADCParametersView:116 -                Rank 1 : false
2026-02-26 14:02:46,411 [INFO] ADCParametersView:116 -                Rank 1 : false
2026-02-26 14:02:46,412 [INFO] ADCParametersView:116 -                Rank 1 : false
2026-02-26 14:02:46,412 [INFO] ADCParametersView:116 -                Rank 1 : false
2026-02-26 14:02:46,413 [INFO] ADCParametersView:116 -                Rank 1 : false
2026-02-26 14:02:46,413 [INFO] ADCParametersView:116 -                Rank 1 : false
2026-02-26 14:02:46,413 [INFO] ADCParametersView:116 -                Rank 1 : false
2026-02-26 14:02:46,413 [INFO] ADCParametersView:116 -                Rank 1 : false
2026-02-26 14:02:46,413 [INFO] ADCParametersView:116 -                Rank 1 : false
2026-02-26 14:02:46,414 [INFO] ADCParametersView:116 -                Rank 1 : false
2026-02-26 14:02:46,414 [INFO] ADCParametersView:116 -                Rank 1 : false
2026-02-26 14:02:46,414 [INFO] ADCParametersView:116 -                Rank 1 : false
2026-02-26 14:02:46,414 [INFO] ADCParametersView:116 -                Rank 1 : false
2026-02-26 14:02:46,414 [INFO] ADCParametersView:116 -                Rank 1 : false
2026-02-26 14:02:46,414 [INFO] ADCParametersView:116 -                Rank 1 : false
2026-02-26 14:02:46,414 [INFO] ADCParametersView:116 -                Rank 1 : false
2026-02-26 14:02:46,414 [INFO] ADCParametersView:116 -                Rank 1 : false
2026-02-26 14:02:46,415 [INFO] ADCParametersView:116 -                Rank 1 : false
2026-02-26 14:02:46,415 [INFO] ADCParametersView:116 -                Rank 1 : false
2026-02-26 14:02:46,415 [INFO] ADCParametersView:116 -                Rank 1 : false
2026-02-26 14:02:46,445 [INFO] ADCParametersView:116 -                Rank 1 : false
2026-02-26 14:02:46,486 [INFO] ADCParametersView:116 -                Rank 1 : false
2026-02-26 14:02:46,486 [INFO] ADCParametersView:116 -                Rank 1 : false
2026-02-26 14:02:46,486 [INFO] ADCParametersView:116 -                Rank 1 : false
2026-02-26 14:02:46,486 [INFO] ADCParametersView:116 -                Rank 1 : false
2026-02-26 14:02:46,487 [INFO] ADCParametersView:116 -                Rank 1 : false
2026-02-26 14:02:46,487 [INFO] ADCParametersView:116 -                Rank 1 : false
2026-02-26 14:02:46,487 [INFO] ADCParametersView:116 -                Rank 1 : false
2026-02-26 14:02:46,487 [INFO] ADCParametersView:116 -                Rank 1 : false
2026-02-26 14:02:46,487 [INFO] ADCParametersView:116 -                Rank 1 : false
2026-02-26 14:02:46,488 [INFO] ADCParametersView:116 -                Rank 1 : false
2026-02-26 14:02:46,488 [INFO] ADCParametersView:116 -                Rank 1 : false
2026-02-26 14:02:46,488 [INFO] ADCParametersView:116 -                Rank 1 : false
2026-02-26 14:02:46,488 [INFO] ADCParametersView:116 -                Rank 1 : false
2026-02-26 14:02:46,488 [INFO] ADCParametersView:116 -                Rank 1 : false
2026-02-26 14:02:46,488 [INFO] ADCParametersView:116 -                Rank 1 : false
2026-02-26 14:02:46,488 [INFO] ADCParametersView:116 -                Rank 1 : false
2026-02-26 14:02:46,488 [INFO] ADCParametersView:116 -                Rank 1 : false
2026-02-26 14:02:46,488 [INFO] ADCParametersView:116 -                Rank 1 : false
2026-02-26 14:02:46,489 [INFO] ADCParametersView:116 -                Rank 1 : false
2026-02-26 14:02:46,511 [INFO] ADCParametersView:116 -                Rank 1 : false
2026-02-26 14:02:46,710 [INFO] ADCParametersView:116 -                Rank 1 : false
2026-02-26 14:02:46,711 [INFO] ADCParametersView:116 -                Rank 1 : false
2026-02-26 14:02:46,711 [INFO] ADCParametersView:116 -                Rank 1 : false
2026-02-26 14:02:46,711 [INFO] ADCParametersView:116 -                Rank 1 : false
2026-02-26 14:02:46,711 [INFO] ADCParametersView:116 -                Rank 1 : false
2026-02-26 14:02:46,711 [INFO] ADCParametersView:116 -                Rank 1 : false
2026-02-26 14:02:46,712 [INFO] ADCParametersView:116 -                Rank 1 : false
2026-02-26 14:02:46,712 [INFO] ADCParametersView:116 -                Rank 1 : false
2026-02-26 14:02:46,712 [INFO] ADCParametersView:116 -                Rank 1 : false
2026-02-26 14:02:46,712 [INFO] ADCParametersView:116 -                Rank 1 : false
2026-02-26 14:02:46,712 [INFO] ADCParametersView:116 -                Rank 1 : false
2026-02-26 14:02:46,712 [INFO] ADCParametersView:116 -                Rank 1 : false
2026-02-26 14:02:46,713 [INFO] ADCParametersView:116 -                Rank 1 : false
2026-02-26 14:02:46,713 [INFO] ADCParametersView:116 -                Rank 1 : false
2026-02-26 14:02:46,713 [INFO] ADCParametersView:116 -                Rank 1 : false
2026-02-26 14:02:46,713 [INFO] ADCParametersView:116 -                Rank 1 : false
2026-02-26 14:02:46,713 [INFO] ADCParametersView:116 -                Rank 1 : false
2026-02-26 14:02:46,713 [INFO] ADCParametersView:116 -                Rank 1 : false
2026-02-26 14:02:46,713 [INFO] ADCParametersView:116 -                Rank 1 : false
2026-02-26 14:02:46,738 [INFO] ADCParametersView:116 -                Rank 1 : false
2026-02-26 14:02:46,771 [INFO] ADCParametersView:116 -                Rank 1 : false
2026-02-26 14:02:46,772 [INFO] ADCParametersView:116 -                Rank 1 : false
2026-02-26 14:02:46,772 [INFO] ADCParametersView:116 -                Rank 1 : false
2026-02-26 14:02:46,772 [INFO] ADCParametersView:116 -                Rank 1 : false
2026-02-26 14:02:46,773 [INFO] ADCParametersView:116 -                Rank 1 : false
2026-02-26 14:02:46,773 [INFO] ADCParametersView:116 -                Rank 1 : false
2026-02-26 14:02:46,773 [INFO] ADCParametersView:116 -                Rank 1 : false
2026-02-26 14:02:46,773 [INFO] ADCParametersView:116 -                Rank 1 : false
2026-02-26 14:02:46,773 [INFO] ADCParametersView:116 -                Rank 1 : false
2026-02-26 14:02:46,773 [INFO] ADCParametersView:116 -                Rank 1 : false
2026-02-26 14:02:46,774 [INFO] ADCParametersView:116 -                Rank 1 : false
2026-02-26 14:02:46,774 [INFO] ADCParametersView:116 -                Rank 1 : false
2026-02-26 14:02:46,774 [INFO] ADCParametersView:116 -                Rank 1 : false
2026-02-26 14:02:46,774 [INFO] ADCParametersView:116 -                Rank 1 : false
2026-02-26 14:02:46,774 [INFO] ADCParametersView:116 -                Rank 1 : false
2026-02-26 14:02:46,774 [INFO] ADCParametersView:116 -                Rank 1 : false
2026-02-26 14:02:46,774 [INFO] ADCParametersView:116 -                Rank 1 : false
2026-02-26 14:02:46,774 [INFO] ADCParametersView:116 -                Rank 1 : false
2026-02-26 14:02:46,774 [INFO] ADCParametersView:116 -                Rank 1 : false
2026-02-26 14:02:46,973 [INFO] ADCParametersView:116 -                Rank 1 : false
2026-02-26 14:02:50,500 [INFO] NvicIntPanel:101 - NVIC parent = com.st.microxplorer.plugins.ip.nvic.MultiNvicIntPanel[,0,0,0x0,invalid,layout=javax.swing.BoxLayout,alignmentX=0.0,alignmentY=0.0,border=,flags=9,maximumSize=,minimumSize=,preferredSize=]
2026-02-26 14:02:50,589 [INFO] ADCParametersView:116 -                Rank 1 : false
2026-02-26 14:02:50,593 [INFO] ADCParametersView:116 -                Rank 1 : false
2026-02-26 14:02:50,593 [INFO] ADCParametersView:116 -                Rank 1 : false
2026-02-26 14:02:50,594 [INFO] ADCParametersView:116 -                Rank 1 : false
2026-02-26 14:02:50,594 [INFO] ADCParametersView:116 -                Rank 1 : false
2026-02-26 14:02:50,594 [INFO] ADCParametersView:116 -                Rank 1 : false
2026-02-26 14:02:50,594 [INFO] ADCParametersView:116 -                Rank 1 : false
2026-02-26 14:02:50,594 [INFO] ADCParametersView:116 -                Rank 1 : false
2026-02-26 14:02:50,595 [INFO] ADCParametersView:116 -                Rank 1 : false
2026-02-26 14:02:50,595 [INFO] ADCParametersView:116 -                Rank 1 : false
2026-02-26 14:02:50,595 [INFO] ADCParametersView:116 -                Rank 1 : false
2026-02-26 14:02:50,595 [INFO] ADCParametersView:116 -                Rank 1 : false
2026-02-26 14:02:50,595 [INFO] ADCParametersView:116 -                Rank 1 : false
2026-02-26 14:02:50,595 [INFO] ADCParametersView:116 -                Rank 1 : false
2026-02-26 14:02:50,595 [INFO] ADCParametersView:116 -                Rank 1 : false
2026-02-26 14:02:50,595 [INFO] ADCParametersView:116 -                Rank 1 : false
2026-02-26 14:02:50,596 [INFO] ADCParametersView:116 -                Rank 1 : false
2026-02-26 14:02:50,596 [INFO] ADCParametersView:116 -                Rank 1 : false
2026-02-26 14:02:50,596 [INFO] ADCParametersView:116 -                Rank 1 : false
2026-02-26 14:02:50,634 [INFO] ADCParametersView:116 -                Rank 1 : false
2026-02-26 14:02:50,669 [INFO] ADCParametersView:116 -                Rank 1 : false
2026-02-26 14:02:50,669 [INFO] ADCParametersView:116 -                Rank 1 : false
2026-02-26 14:02:50,670 [INFO] ADCParametersView:116 -                Rank 1 : false
2026-02-26 14:02:50,670 [INFO] ADCParametersView:116 -                Rank 1 : false
2026-02-26 14:02:50,670 [INFO] ADCParametersView:116 -                Rank 1 : false
2026-02-26 14:02:50,670 [INFO] ADCParametersView:116 -                Rank 1 : false
2026-02-26 14:02:50,670 [INFO] ADCParametersView:116 -                Rank 1 : false
2026-02-26 14:02:50,671 [INFO] ADCParametersView:116 -                Rank 1 : false
2026-02-26 14:02:50,671 [INFO] ADCParametersView:116 -                Rank 1 : false
2026-02-26 14:02:50,671 [INFO] ADCParametersView:116 -                Rank 1 : false
2026-02-26 14:02:50,671 [INFO] ADCParametersView:116 -                Rank 1 : false
2026-02-26 14:02:50,671 [INFO] ADCParametersView:116 -                Rank 1 : false
2026-02-26 14:02:50,671 [INFO] ADCParametersView:116 -                Rank 1 : false
2026-02-26 14:02:50,671 [INFO] ADCParametersView:116 -                Rank 1 : false
2026-02-26 14:02:50,672 [INFO] ADCParametersView:116 -                Rank 1 : false
2026-02-26 14:02:50,672 [INFO] ADCParametersView:116 -                Rank 1 : false
2026-02-26 14:02:50,672 [INFO] ADCParametersView:116 -                Rank 1 : false
2026-02-26 14:02:50,672 [INFO] ADCParametersView:116 -                Rank 1 : false
2026-02-26 14:02:50,672 [INFO] ADCParametersView:116 -                Rank 1 : false
2026-02-26 14:02:50,693 [INFO] ADCParametersView:116 -                Rank 1 : false
2026-02-26 14:02:51,228 [INFO] ADCParametersView:116 -                Rank 1 : false
2026-02-26 14:02:51,245 [INFO] ADCParametersView:116 -                Rank 1 : false
2026-02-26 14:02:51,248 [INFO] ADCParametersView:116 -                Rank 1 : false
2026-02-26 14:02:51,248 [INFO] ADCParametersView:116 -                Rank 1 : false
2026-02-26 14:02:51,248 [INFO] ADCParametersView:116 -                Rank 1 : false
2026-02-26 14:02:51,248 [INFO] ADCParametersView:116 -                Rank 1 : false
2026-02-26 14:02:51,248 [INFO] ADCParametersView:116 -                Rank 1 : false
2026-02-26 14:02:51,249 [INFO] ADCParametersView:116 -                Rank 1 : false
2026-02-26 14:02:51,249 [INFO] ADCParametersView:116 -                Rank 1 : false
2026-02-26 14:02:51,249 [INFO] ADCParametersView:116 -                Rank 1 : false
2026-02-26 14:02:51,249 [INFO] ADCParametersView:116 -                Rank 1 : false
2026-02-26 14:02:51,249 [INFO] ADCParametersView:116 -                Rank 1 : false
2026-02-26 14:02:51,249 [INFO] ADCParametersView:116 -                Rank 1 : false
2026-02-26 14:02:51,249 [INFO] ADCParametersView:116 -                Rank 1 : false
2026-02-26 14:02:51,250 [INFO] ADCParametersView:116 -                Rank 1 : false
2026-02-26 14:02:51,250 [INFO] ADCParametersView:116 -                Rank 1 : false
2026-02-26 14:02:51,250 [INFO] ADCParametersView:116 -                Rank 1 : false
2026-02-26 14:02:51,250 [INFO] ADCParametersView:116 -                Rank 1 : false
2026-02-26 14:02:51,250 [INFO] ADCParametersView:116 -                Rank 1 : false
2026-02-26 14:02:51,420 [INFO] ADCParametersView:116 -                Rank 1 : false
2026-02-26 14:02:51,576 [INFO] ADCParametersView:116 -                Rank 1 : false
2026-02-26 14:02:51,577 [INFO] ADCParametersView:116 -                Rank 1 : false
2026-02-26 14:02:51,577 [INFO] ADCParametersView:116 -                Rank 1 : false
2026-02-26 14:02:51,577 [INFO] ADCParametersView:116 -                Rank 1 : false
2026-02-26 14:02:51,577 [INFO] ADCParametersView:116 -                Rank 1 : false
2026-02-26 14:02:51,578 [INFO] ADCParametersView:116 -                Rank 1 : false
2026-02-26 14:02:51,578 [INFO] ADCParametersView:116 -                Rank 1 : false
2026-02-26 14:02:51,578 [INFO] ADCParametersView:116 -                Rank 1 : false
2026-02-26 14:02:51,578 [INFO] ADCParametersView:116 -                Rank 1 : false
2026-02-26 14:02:51,578 [INFO] ADCParametersView:116 -                Rank 1 : false
2026-02-26 14:02:51,579 [INFO] ADCParametersView:116 -                Rank 1 : false
2026-02-26 14:02:51,579 [INFO] ADCParametersView:116 -                Rank 1 : false
2026-02-26 14:02:51,579 [INFO] ADCParametersView:116 -                Rank 1 : false
2026-02-26 14:02:51,579 [INFO] ADCParametersView:116 -                Rank 1 : false
2026-02-26 14:02:51,579 [INFO] ADCParametersView:116 -                Rank 1 : false
2026-02-26 14:02:51,579 [INFO] ADCParametersView:116 -                Rank 1 : false
2026-02-26 14:02:51,579 [INFO] ADCParametersView:116 -                Rank 1 : false
2026-02-26 14:02:51,579 [INFO] ADCParametersView:116 -                Rank 1 : false
2026-02-26 14:02:51,579 [INFO] ADCParametersView:116 -                Rank 1 : false
2026-02-26 14:02:51,602 [INFO] ADCParametersView:116 -                Rank 1 : false
2026-02-26 14:02:58,331 [INFO] NvicIntPanel:101 - NVIC parent = com.st.microxplorer.plugins.ip.nvic.MultiNvicIntPanel[,0,0,0x0,invalid,layout=javax.swing.BoxLayout,alignmentX=0.0,alignmentY=0.0,border=,flags=9,maximumSize=,minimumSize=,preferredSize=]
2026-02-26 14:02:58,373 [INFO] ADCParametersView:116 -                Rank 1 : false
2026-02-26 14:02:58,373 [INFO] ADCParametersView:116 -                Rank 1 : false
2026-02-26 14:02:58,373 [INFO] ADCParametersView:116 -                Rank 1 : false
2026-02-26 14:02:58,374 [INFO] ADCParametersView:116 -                Rank 1 : false
2026-02-26 14:02:58,374 [INFO] ADCParametersView:116 -                Rank 1 : false
2026-02-26 14:02:58,374 [INFO] ADCParametersView:116 -                Rank 1 : false
2026-02-26 14:02:58,374 [INFO] ADCParametersView:116 -                Rank 1 : false
2026-02-26 14:02:58,374 [INFO] ADCParametersView:116 -                Rank 1 : false
2026-02-26 14:02:58,375 [INFO] ADCParametersView:116 -                Rank 1 : false
2026-02-26 14:02:58,375 [INFO] ADCParametersView:116 -                Rank 1 : false
2026-02-26 14:02:58,375 [INFO] ADCParametersView:116 -                Rank 1 : false
2026-02-26 14:02:58,375 [INFO] ADCParametersView:116 -                Rank 1 : false
2026-02-26 14:02:58,375 [INFO] ADCParametersView:116 -                Rank 1 : false
2026-02-26 14:02:58,375 [INFO] ADCParametersView:116 -                Rank 1 : false
2026-02-26 14:02:58,375 [INFO] ADCParametersView:116 -                Rank 1 : false
2026-02-26 14:02:58,376 [INFO] ADCParametersView:116 -                Rank 1 : false
2026-02-26 14:02:58,377 [INFO] ADCParametersView:116 -                Rank 1 : false
2026-02-26 14:02:58,377 [INFO] ADCParametersView:116 -                Rank 1 : false
2026-02-26 14:02:58,377 [INFO] ADCParametersView:116 -                Rank 1 : false
2026-02-26 14:02:58,403 [INFO] ADCParametersView:116 -                Rank 1 : false
2026-02-26 14:02:58,435 [INFO] ADCParametersView:116 -                Rank 1 : false
2026-02-26 14:02:58,435 [INFO] ADCParametersView:116 -                Rank 1 : false
2026-02-26 14:02:58,435 [INFO] ADCParametersView:116 -                Rank 1 : false
2026-02-26 14:02:58,436 [INFO] ADCParametersView:116 -                Rank 1 : false
2026-02-26 14:02:58,436 [INFO] ADCParametersView:116 -                Rank 1 : false
2026-02-26 14:02:58,436 [INFO] ADCParametersView:116 -                Rank 1 : false
2026-02-26 14:02:58,436 [INFO] ADCParametersView:116 -                Rank 1 : false
2026-02-26 14:02:58,436 [INFO] ADCParametersView:116 -                Rank 1 : false
2026-02-26 14:02:58,437 [INFO] ADCParametersView:116 -                Rank 1 : false
2026-02-26 14:02:58,437 [INFO] ADCParametersView:116 -                Rank 1 : false
2026-02-26 14:02:58,437 [INFO] ADCParametersView:116 -                Rank 1 : false
2026-02-26 14:02:58,437 [INFO] ADCParametersView:116 -                Rank 1 : false
2026-02-26 14:02:58,437 [INFO] ADCParametersView:116 -                Rank 1 : false
2026-02-26 14:02:58,437 [INFO] ADCParametersView:116 -                Rank 1 : false
2026-02-26 14:02:58,437 [INFO] ADCParametersView:116 -                Rank 1 : false
2026-02-26 14:02:58,438 [INFO] ADCParametersView:116 -                Rank 1 : false
2026-02-26 14:02:58,438 [INFO] ADCParametersView:116 -                Rank 1 : false
2026-02-26 14:02:58,438 [INFO] ADCParametersView:116 -                Rank 1 : false
2026-02-26 14:02:58,438 [INFO] ADCParametersView:116 -                Rank 1 : false
2026-02-26 14:02:58,459 [INFO] ADCParametersView:116 -                Rank 1 : false
2026-02-26 14:02:58,566 [INFO] ADCParametersView:116 -                Rank 1 : false
2026-02-26 14:02:58,566 [INFO] ADCParametersView:116 -                Rank 1 : false
2026-02-26 14:02:58,567 [INFO] ADCParametersView:116 -                Rank 1 : false
2026-02-26 14:02:58,567 [INFO] ADCParametersView:116 -                Rank 1 : false
2026-02-26 14:02:58,567 [INFO] ADCParametersView:116 -                Rank 1 : false
2026-02-26 14:02:58,567 [INFO] ADCParametersView:116 -                Rank 1 : false
2026-02-26 14:02:58,568 [INFO] ADCParametersView:116 -                Rank 1 : false
2026-02-26 14:02:58,568 [INFO] ADCParametersView:116 -                Rank 1 : false
2026-02-26 14:02:58,568 [INFO] ADCParametersView:116 -                Rank 1 : false
2026-02-26 14:02:58,568 [INFO] ADCParametersView:116 -                Rank 1 : false
2026-02-26 14:02:58,568 [INFO] ADCParametersView:116 -                Rank 1 : false
2026-02-26 14:02:58,569 [INFO] ADCParametersView:116 -                Rank 1 : false
2026-02-26 14:02:58,569 [INFO] ADCParametersView:116 -                Rank 1 : false
2026-02-26 14:02:58,569 [INFO] ADCParametersView:116 -                Rank 1 : false
2026-02-26 14:02:58,569 [INFO] ADCParametersView:116 -                Rank 1 : false
2026-02-26 14:02:58,569 [INFO] ADCParametersView:116 -                Rank 1 : false
2026-02-26 14:02:58,569 [INFO] ADCParametersView:116 -                Rank 1 : false
2026-02-26 14:02:58,569 [INFO] ADCParametersView:116 -                Rank 1 : false
2026-02-26 14:02:58,569 [INFO] ADCParametersView:116 -                Rank 1 : false
2026-02-26 14:02:58,591 [INFO] ADCParametersView:116 -                Rank 1 : false
2026-02-26 14:02:58,631 [INFO] ADCParametersView:116 -                Rank 1 : false
2026-02-26 14:02:58,631 [INFO] ADCParametersView:116 -                Rank 1 : false
2026-02-26 14:02:58,631 [INFO] ADCParametersView:116 -                Rank 1 : false
2026-02-26 14:02:58,631 [INFO] ADCParametersView:116 -                Rank 1 : false
2026-02-26 14:02:58,632 [INFO] ADCParametersView:116 -                Rank 1 : false
2026-02-26 14:02:58,632 [INFO] ADCParametersView:116 -                Rank 1 : false
2026-02-26 14:02:58,632 [INFO] ADCParametersView:116 -                Rank 1 : false
2026-02-26 14:02:58,632 [INFO] ADCParametersView:116 -                Rank 1 : false
2026-02-26 14:02:58,632 [INFO] ADCParametersView:116 -                Rank 1 : false
2026-02-26 14:02:58,632 [INFO] ADCParametersView:116 -                Rank 1 : false
2026-02-26 14:02:58,633 [INFO] ADCParametersView:116 -                Rank 1 : false
2026-02-26 14:02:58,633 [INFO] ADCParametersView:116 -                Rank 1 : false
2026-02-26 14:02:58,633 [INFO] ADCParametersView:116 -                Rank 1 : false
2026-02-26 14:02:58,633 [INFO] ADCParametersView:116 -                Rank 1 : false
2026-02-26 14:02:58,633 [INFO] ADCParametersView:116 -                Rank 1 : false
2026-02-26 14:02:58,633 [INFO] ADCParametersView:116 -                Rank 1 : false
2026-02-26 14:02:58,633 [INFO] ADCParametersView:116 -                Rank 1 : false
2026-02-26 14:02:58,633 [INFO] ADCParametersView:116 -                Rank 1 : false
2026-02-26 14:02:58,634 [INFO] ADCParametersView:116 -                Rank 1 : false
2026-02-26 14:02:58,660 [INFO] ADCParametersView:116 -                Rank 1 : false
2026-02-26 14:03:30,165 [INFO] ADCParametersView:116 -                Rank 1 : false
2026-02-26 14:03:30,175 [INFO] ADCParametersView:116 -                Rank 1 : false
2026-02-26 14:03:30,175 [INFO] ADCParametersView:116 -                Rank 1 : false
2026-02-26 14:03:30,175 [INFO] ADCParametersView:116 -                Rank 1 : false
2026-02-26 14:03:30,176 [INFO] ADCParametersView:116 -                Rank 1 : false
2026-02-26 14:03:30,176 [INFO] ADCParametersView:116 -                Rank 1 : false
2026-02-26 14:03:30,176 [INFO] ADCParametersView:116 -                Rank 1 : false
2026-02-26 14:03:30,176 [INFO] ADCParametersView:116 -                Rank 1 : false
2026-02-26 14:03:30,176 [INFO] ADCParametersView:116 -                Rank 1 : false
2026-02-26 14:03:30,176 [INFO] ADCParametersView:116 -                Rank 1 : false
2026-02-26 14:03:30,177 [INFO] ADCParametersView:116 -                Rank 1 : false
2026-02-26 14:03:30,177 [INFO] ADCParametersView:116 -                Rank 1 : false
2026-02-26 14:03:30,177 [INFO] ADCParametersView:116 -                Rank 1 : false
2026-02-26 14:03:30,177 [INFO] ADCParametersView:116 -                Rank 1 : false
2026-02-26 14:03:30,177 [INFO] ADCParametersView:116 -                Rank 1 : false
2026-02-26 14:03:30,177 [INFO] ADCParametersView:116 -                Rank 1 : false
2026-02-26 14:03:30,178 [INFO] ADCParametersView:116 -                Rank 1 : false
2026-02-26 14:03:30,178 [INFO] ADCParametersView:116 -                Rank 1 : false
2026-02-26 14:03:30,178 [INFO] ADCParametersView:116 -                Rank 1 : false
2026-02-26 14:03:30,188 [INFO] ADCParametersView:116 -                Rank 1 : false
2026-02-26 14:03:30,209 [INFO] ADCParametersView:116 -                Rank 1 : false
2026-02-26 14:03:30,210 [INFO] ADCParametersView:116 -                Rank 1 : false
2026-02-26 14:03:30,210 [INFO] ADCParametersView:116 -                Rank 1 : false
2026-02-26 14:03:30,211 [INFO] ADCParametersView:116 -                Rank 1 : false
2026-02-26 14:03:30,211 [INFO] ADCParametersView:116 -                Rank 1 : false
2026-02-26 14:03:30,211 [INFO] ADCParametersView:116 -                Rank 1 : false
2026-02-26 14:03:30,211 [INFO] ADCParametersView:116 -                Rank 1 : false
2026-02-26 14:03:30,211 [INFO] ADCParametersView:116 -                Rank 1 : false
2026-02-26 14:03:30,211 [INFO] ADCParametersView:116 -                Rank 1 : false
2026-02-26 14:03:30,211 [INFO] ADCParametersView:116 -                Rank 1 : false
2026-02-26 14:03:30,212 [INFO] ADCParametersView:116 -                Rank 1 : false
2026-02-26 14:03:30,212 [INFO] ADCParametersView:116 -                Rank 1 : false
2026-02-26 14:03:30,212 [INFO] ADCParametersView:116 -                Rank 1 : false
2026-02-26 14:03:30,212 [INFO] ADCParametersView:116 -                Rank 1 : false
2026-02-26 14:03:30,212 [INFO] ADCParametersView:116 -                Rank 1 : false
2026-02-26 14:03:30,212 [INFO] ADCParametersView:116 -                Rank 1 : false
2026-02-26 14:03:30,212 [INFO] ADCParametersView:116 -                Rank 1 : false
2026-02-26 14:03:30,212 [INFO] ADCParametersView:116 -                Rank 1 : false
2026-02-26 14:03:30,212 [INFO] ADCParametersView:116 -                Rank 1 : false
2026-02-26 14:03:30,220 [INFO] ADCParametersView:116 -                Rank 1 : false
2026-02-26 14:03:30,248 [INFO] ADCParametersView:116 -                Rank 1 : false
2026-02-26 14:03:30,249 [INFO] ADCParametersView:116 -                Rank 1 : false
2026-02-26 14:03:30,249 [INFO] ADCParametersView:116 -                Rank 1 : false
2026-02-26 14:03:30,249 [INFO] ADCParametersView:116 -                Rank 1 : false
2026-02-26 14:03:30,249 [INFO] ADCParametersView:116 -                Rank 1 : false
2026-02-26 14:03:30,250 [INFO] ADCParametersView:116 -                Rank 1 : false
2026-02-26 14:03:30,250 [INFO] ADCParametersView:116 -                Rank 1 : false
2026-02-26 14:03:30,250 [INFO] ADCParametersView:116 -                Rank 1 : false
2026-02-26 14:03:30,250 [INFO] ADCParametersView:116 -                Rank 1 : false
2026-02-26 14:03:30,250 [INFO] ADCParametersView:116 -                Rank 1 : false
2026-02-26 14:03:30,250 [INFO] ADCParametersView:116 -                Rank 1 : false
2026-02-26 14:03:30,250 [INFO] ADCParametersView:116 -                Rank 1 : false
2026-02-26 14:03:30,251 [INFO] ADCParametersView:116 -                Rank 1 : false
2026-02-26 14:03:30,251 [INFO] ADCParametersView:116 -                Rank 1 : false
2026-02-26 14:03:30,251 [INFO] ADCParametersView:116 -                Rank 1 : false
2026-02-26 14:03:30,251 [INFO] ADCParametersView:116 -                Rank 1 : false
2026-02-26 14:03:30,251 [INFO] ADCParametersView:116 -                Rank 1 : false
2026-02-26 14:03:30,251 [INFO] ADCParametersView:116 -                Rank 1 : false
2026-02-26 14:03:30,251 [INFO] ADCParametersView:116 -                Rank 1 : false
2026-02-26 14:03:30,269 [INFO] ADCParametersView:116 -                Rank 1 : false
2026-02-26 14:04:07,016 [INFO] DmaTabbedPanel:205 - Cannot restore the selected Tab for DMA
2026-02-26 14:04:35,443 [INFO] ADCParametersView:116 -                Rank 1 : false
2026-02-26 14:04:35,451 [INFO] ADCParametersView:116 -                Rank 1 : false
2026-02-26 14:04:35,452 [INFO] ADCParametersView:116 -                Rank 1 : false
2026-02-26 14:04:35,452 [INFO] ADCParametersView:116 -                Rank 1 : false
2026-02-26 14:04:35,453 [INFO] ADCParametersView:116 -                Rank 1 : false
2026-02-26 14:04:35,453 [INFO] ADCParametersView:116 -                Rank 1 : false
2026-02-26 14:04:35,453 [INFO] ADCParametersView:116 -                Rank 1 : false
2026-02-26 14:04:35,453 [INFO] ADCParametersView:116 -                Rank 1 : false
2026-02-26 14:04:35,453 [INFO] ADCParametersView:116 -                Rank 1 : false
2026-02-26 14:04:35,453 [INFO] ADCParametersView:116 -                Rank 1 : false
2026-02-26 14:04:35,454 [INFO] ADCParametersView:116 -                Rank 1 : false
2026-02-26 14:04:35,454 [INFO] ADCParametersView:116 -                Rank 1 : false
2026-02-26 14:04:35,454 [INFO] ADCParametersView:116 -                Rank 1 : false
2026-02-26 14:04:35,454 [INFO] ADCParametersView:116 -                Rank 1 : false
2026-02-26 14:04:35,454 [INFO] ADCParametersView:116 -                Rank 1 : false
2026-02-26 14:04:35,454 [INFO] ADCParametersView:116 -                Rank 1 : false
2026-02-26 14:04:35,454 [INFO] ADCParametersView:116 -                Rank 1 : false
2026-02-26 14:04:35,454 [INFO] ADCParametersView:116 -                Rank 1 : false
2026-02-26 14:04:35,454 [INFO] ADCParametersView:116 -                Rank 1 : false
2026-02-26 14:04:35,535 [INFO] ADCParametersView:116 -                Rank 1 : false
2026-02-26 14:04:35,597 [INFO] ADCParametersView:116 -                Rank 1 : false
2026-02-26 14:04:35,600 [INFO] ADCParametersView:116 -                Rank 1 : false
2026-02-26 14:04:35,600 [INFO] ADCParametersView:116 -                Rank 1 : false
2026-02-26 14:04:35,600 [INFO] ADCParametersView:116 -                Rank 1 : false
2026-02-26 14:04:35,601 [INFO] ADCParametersView:116 -                Rank 1 : false
2026-02-26 14:04:35,601 [INFO] ADCParametersView:116 -                Rank 1 : false
2026-02-26 14:04:35,601 [INFO] ADCParametersView:116 -                Rank 1 : false
2026-02-26 14:04:35,601 [INFO] ADCParametersView:116 -                Rank 1 : false
2026-02-26 14:04:35,601 [INFO] ADCParametersView:116 -                Rank 1 : false
2026-02-26 14:04:35,601 [INFO] ADCParametersView:116 -                Rank 1 : false
2026-02-26 14:04:35,602 [INFO] ADCParametersView:116 -                Rank 1 : false
2026-02-26 14:04:35,602 [INFO] ADCParametersView:116 -                Rank 1 : false
2026-02-26 14:04:35,602 [INFO] ADCParametersView:116 -                Rank 1 : false
2026-02-26 14:04:35,602 [INFO] ADCParametersView:116 -                Rank 1 : false
2026-02-26 14:04:35,602 [INFO] ADCParametersView:116 -                Rank 1 : false
2026-02-26 14:04:35,602 [INFO] ADCParametersView:116 -                Rank 1 : false
2026-02-26 14:04:35,602 [INFO] ADCParametersView:116 -                Rank 1 : false
2026-02-26 14:04:35,602 [INFO] ADCParametersView:116 -                Rank 1 : false
2026-02-26 14:04:35,602 [INFO] ADCParametersView:116 -                Rank 1 : false
2026-02-26 14:04:35,622 [INFO] ADCParametersView:116 -                Rank 1 : false
2026-02-26 14:05:09,364 [INFO] SpinnerEditorADC:65 - is string kkkk
2026-02-26 14:05:45,756 [INFO] NvicIntPanel:101 - NVIC parent = com.st.microxplorer.plugins.ip.nvic.MultiNvicIntPanel[,0,0,0x0,invalid,layout=javax.swing.BoxLayout,alignmentX=0.0,alignmentY=0.0,border=,flags=9,maximumSize=,minimumSize=,preferredSize=]
2026-02-26 14:05:45,839 [INFO] NvicIntPanel:101 - NVIC parent = com.st.microxplorer.plugins.ip.nvic.MultiNvicIntPanel[,0,0,0x0,invalid,layout=javax.swing.BoxLayout,alignmentX=0.0,alignmentY=0.0,border=,flags=9,maximumSize=,minimumSize=,preferredSize=]
2026-02-26 14:05:45,905 [INFO] NvicIntPanel:101 - NVIC parent = com.st.microxplorer.plugins.ip.nvic.MultiNvicIntPanel[,0,0,0x0,invalid,layout=javax.swing.BoxLayout,alignmentX=0.0,alignmentY=0.0,border=,flags=9,maximumSize=,minimumSize=,preferredSize=]
2026-02-26 14:05:45,985 [INFO] NvicIntPanel:101 - NVIC parent = com.st.microxplorer.plugins.ip.nvic.MultiNvicIntPanel[,0,0,0x0,invalid,layout=javax.swing.BoxLayout,alignmentX=0.0,alignmentY=0.0,border=,flags=9,maximumSize=,minimumSize=,preferredSize=]
2026-02-26 14:05:46,054 [INFO] NvicIntPanel:101 - NVIC parent = com.st.microxplorer.plugins.ip.nvic.MultiNvicIntPanel[,0,0,0x0,invalid,layout=javax.swing.BoxLayout,alignmentX=0.0,alignmentY=0.0,border=,flags=9,maximumSize=,minimumSize=,preferredSize=]
2026-02-26 14:05:46,074 [INFO] ADCParametersView:116 -                Rank 1 : false
2026-02-26 14:05:46,076 [INFO] ADCParametersView:116 -                Rank 1 : false
2026-02-26 14:05:46,076 [INFO] ADCParametersView:116 -                Rank 1 : false
2026-02-26 14:05:46,077 [INFO] ADCParametersView:116 -                Rank 1 : false
2026-02-26 14:05:46,077 [INFO] ADCParametersView:116 -                Rank 1 : false
2026-02-26 14:05:46,077 [INFO] ADCParametersView:116 -                Rank 1 : false
2026-02-26 14:05:46,077 [INFO] ADCParametersView:116 -                Rank 1 : false
2026-02-26 14:05:46,077 [INFO] ADCParametersView:116 -                Rank 1 : false
2026-02-26 14:05:46,078 [INFO] ADCParametersView:116 -                Rank 1 : false
2026-02-26 14:05:46,078 [INFO] ADCParametersView:116 -                Rank 1 : false
2026-02-26 14:05:46,078 [INFO] ADCParametersView:116 -                Rank 1 : false
2026-02-26 14:05:46,078 [INFO] ADCParametersView:116 -                Rank 1 : false
2026-02-26 14:05:46,078 [INFO] ADCParametersView:116 -                Rank 1 : false
2026-02-26 14:05:46,078 [INFO] ADCParametersView:116 -                Rank 1 : false
2026-02-26 14:05:46,078 [INFO] ADCParametersView:116 -                Rank 1 : false
2026-02-26 14:05:46,078 [INFO] ADCParametersView:116 -                Rank 1 : false
2026-02-26 14:05:46,078 [INFO] ADCParametersView:116 -                Rank 1 : false
2026-02-26 14:05:46,079 [INFO] ADCParametersView:116 -                Rank 1 : false
2026-02-26 14:05:46,079 [INFO] ADCParametersView:116 -                Rank 1 : false
2026-02-26 14:05:46,108 [INFO] ADCParametersView:116 -                Rank 1 : false
2026-02-26 14:05:46,109 [INFO] ADCParametersView:116 -                Rank 1 : false
2026-02-26 14:05:46,109 [INFO] ADCParametersView:116 -        *      Rank 2 : false
2026-02-26 14:05:46,127 [INFO] ADCParametersView:116 -                Rank 1 : true
2026-02-26 14:05:46,128 [INFO] ADCParametersView:116 -        *      Rank 2 : false
2026-02-26 14:06:20,848 [INFO] ADCParametersView:116 -                Rank 1 : true
2026-02-26 14:06:20,848 [INFO] ADCParametersView:116 -        *      Rank 2 : false
2026-02-26 14:06:20,854 [INFO] ADCParametersView:116 -                Rank 1 : true
2026-02-26 14:06:20,854 [INFO] ADCParametersView:116 -        *      Rank 2 : false
2026-02-26 14:06:20,854 [INFO] ADCParametersView:116 -                Rank 1 : true
2026-02-26 14:06:20,854 [INFO] ADCParametersView:116 -        *      Rank 2 : false
2026-02-26 14:06:20,855 [INFO] ADCParametersView:116 -                Rank 1 : true
2026-02-26 14:06:20,855 [INFO] ADCParametersView:116 -        *      Rank 2 : false
2026-02-26 14:06:20,855 [INFO] ADCParametersView:116 -                Rank 1 : true
2026-02-26 14:06:20,855 [INFO] ADCParametersView:116 -        *      Rank 2 : false
2026-02-26 14:06:20,855 [INFO] ADCParametersView:116 -                Rank 1 : true
2026-02-26 14:06:20,855 [INFO] ADCParametersView:116 -        *      Rank 2 : false
2026-02-26 14:06:20,856 [INFO] ADCParametersView:116 -                Rank 1 : true
2026-02-26 14:06:20,856 [INFO] ADCParametersView:116 -        *      Rank 2 : false
2026-02-26 14:06:20,856 [INFO] ADCParametersView:116 -                Rank 1 : true
2026-02-26 14:06:20,856 [INFO] ADCParametersView:116 -        *      Rank 2 : false
2026-02-26 14:06:20,856 [INFO] ADCParametersView:116 -                Rank 1 : true
2026-02-26 14:06:20,856 [INFO] ADCParametersView:116 -        *      Rank 2 : false
2026-02-26 14:06:20,857 [INFO] ADCParametersView:116 -                Rank 1 : true
2026-02-26 14:06:20,857 [INFO] ADCParametersView:116 -        *      Rank 2 : false
2026-02-26 14:06:20,857 [INFO] ADCParametersView:116 -                Rank 1 : true
2026-02-26 14:06:20,857 [INFO] ADCParametersView:116 -        *      Rank 2 : false
2026-02-26 14:06:20,857 [INFO] ADCParametersView:116 -                Rank 1 : true
2026-02-26 14:06:20,857 [INFO] ADCParametersView:116 -        *      Rank 2 : false
2026-02-26 14:06:20,858 [INFO] ADCParametersView:116 -                Rank 1 : true
2026-02-26 14:06:20,858 [INFO] ADCParametersView:116 -        *      Rank 2 : false
2026-02-26 14:06:20,858 [INFO] ADCParametersView:116 -                Rank 1 : true
2026-02-26 14:06:20,858 [INFO] ADCParametersView:116 -        *      Rank 2 : false
2026-02-26 14:06:20,858 [INFO] ADCParametersView:116 -                Rank 1 : true
2026-02-26 14:06:20,858 [INFO] ADCParametersView:116 -        *      Rank 2 : false
2026-02-26 14:06:20,858 [INFO] ADCParametersView:116 -                Rank 1 : true
2026-02-26 14:06:20,858 [INFO] ADCParametersView:116 -        *      Rank 2 : false
2026-02-26 14:06:20,858 [INFO] ADCParametersView:116 -                Rank 1 : true
2026-02-26 14:06:20,859 [INFO] ADCParametersView:116 -        *      Rank 2 : false
2026-02-26 14:06:20,859 [INFO] ADCParametersView:116 -                Rank 1 : true
2026-02-26 14:06:20,859 [INFO] ADCParametersView:116 -        *      Rank 2 : false
2026-02-26 14:06:20,859 [INFO] ADCParametersView:116 -                Rank 1 : true
2026-02-26 14:06:20,859 [INFO] ADCParametersView:116 -        *      Rank 2 : false
2026-02-26 14:06:20,859 [INFO] ADCParametersView:116 -        *      Rank 2 : false
2026-02-26 14:06:21,143 [INFO] ADCParametersView:116 -                Rank 1 : true
2026-02-26 14:06:21,206 [INFO] ADCParametersView:116 -                Rank 1 : true
2026-02-26 14:06:21,210 [INFO] ADCParametersView:116 -                Rank 2 : false
2026-02-26 14:06:21,265 [INFO] ADCParametersView:116 -                Rank 1 : true
2026-02-26 14:06:21,265 [INFO] ADCParametersView:116 -                Rank 2 : false
2026-02-26 14:06:21,269 [INFO] ADCParametersView:116 -                Rank 1 : true
2026-02-26 14:06:21,269 [INFO] ADCParametersView:116 -                Rank 2 : false
2026-02-26 14:06:21,269 [INFO] ADCParametersView:116 -                Rank 1 : true
2026-02-26 14:06:21,269 [INFO] ADCParametersView:116 -                Rank 2 : false
2026-02-26 14:06:21,270 [INFO] ADCParametersView:116 -                Rank 1 : true
2026-02-26 14:06:21,270 [INFO] ADCParametersView:116 -                Rank 2 : false
2026-02-26 14:06:21,270 [INFO] ADCParametersView:116 -                Rank 1 : true
2026-02-26 14:06:21,270 [INFO] ADCParametersView:116 -                Rank 2 : false
2026-02-26 14:06:21,270 [INFO] ADCParametersView:116 -                Rank 1 : true
2026-02-26 14:06:21,270 [INFO] ADCParametersView:116 -                Rank 2 : false
2026-02-26 14:06:21,270 [INFO] ADCParametersView:116 -                Rank 1 : true
2026-02-26 14:06:21,270 [INFO] ADCParametersView:116 -                Rank 2 : false
2026-02-26 14:06:21,270 [INFO] ADCParametersView:116 -                Rank 1 : true
2026-02-26 14:06:21,271 [INFO] ADCParametersView:116 -                Rank 2 : false
2026-02-26 14:06:21,271 [INFO] ADCParametersView:116 -                Rank 1 : true
2026-02-26 14:06:21,271 [INFO] ADCParametersView:116 -                Rank 2 : false
2026-02-26 14:06:21,271 [INFO] ADCParametersView:116 -                Rank 1 : true
2026-02-26 14:06:21,271 [INFO] ADCParametersView:116 -                Rank 2 : false
2026-02-26 14:06:21,271 [INFO] ADCParametersView:116 -                Rank 1 : true
2026-02-26 14:06:21,271 [INFO] ADCParametersView:116 -                Rank 2 : false
2026-02-26 14:06:21,271 [INFO] ADCParametersView:116 -                Rank 1 : true
2026-02-26 14:06:21,271 [INFO] ADCParametersView:116 -                Rank 2 : false
2026-02-26 14:06:21,271 [INFO] ADCParametersView:116 -                Rank 1 : true
2026-02-26 14:06:21,271 [INFO] ADCParametersView:116 -                Rank 2 : false
2026-02-26 14:06:21,272 [INFO] ADCParametersView:116 -                Rank 1 : true
2026-02-26 14:06:21,272 [INFO] ADCParametersView:116 -                Rank 2 : false
2026-02-26 14:06:21,272 [INFO] ADCParametersView:116 -                Rank 1 : true
2026-02-26 14:06:21,272 [INFO] ADCParametersView:116 -                Rank 2 : false
2026-02-26 14:06:21,272 [INFO] ADCParametersView:116 -                Rank 1 : true
2026-02-26 14:06:21,272 [INFO] ADCParametersView:116 -                Rank 2 : false
2026-02-26 14:06:21,272 [INFO] ADCParametersView:116 -                Rank 1 : true
2026-02-26 14:06:21,272 [INFO] ADCParametersView:116 -                Rank 2 : false
2026-02-26 14:06:21,272 [INFO] ADCParametersView:116 -                Rank 1 : true
2026-02-26 14:06:21,272 [INFO] ADCParametersView:116 -                Rank 2 : false
2026-02-26 14:06:21,272 [INFO] ADCParametersView:116 -                Rank 1 : true
2026-02-26 14:06:21,272 [INFO] ADCParametersView:116 -                Rank 2 : false
2026-02-26 14:06:21,272 [INFO] ADCParametersView:116 -                Rank 2 : false
2026-02-26 14:06:21,430 [INFO] ADCParametersView:116 -                Rank 1 : true
2026-02-26 14:06:21,431 [INFO] ADCParametersView:116 -                Rank 1 : true
2026-02-26 14:06:21,431 [INFO] ADCParametersView:116 -                Rank 2 : false
2026-02-26 14:06:21,435 [INFO] ADCParametersView:116 -                Rank 1 : true
2026-02-26 14:06:21,435 [INFO] ADCParametersView:116 -                Rank 2 : false
2026-02-26 14:06:21,436 [INFO] ADCParametersView:116 -                Rank 1 : true
2026-02-26 14:06:21,436 [INFO] ADCParametersView:116 -                Rank 2 : false
2026-02-26 14:06:21,436 [INFO] ADCParametersView:116 -                Rank 1 : true
2026-02-26 14:06:21,436 [INFO] ADCParametersView:116 -                Rank 2 : false
2026-02-26 14:06:21,437 [INFO] ADCParametersView:116 -                Rank 1 : true
2026-02-26 14:06:21,437 [INFO] ADCParametersView:116 -                Rank 2 : false
2026-02-26 14:06:21,437 [INFO] ADCParametersView:116 -                Rank 1 : true
2026-02-26 14:06:21,437 [INFO] ADCParametersView:116 -                Rank 2 : false
2026-02-26 14:06:21,437 [INFO] ADCParametersView:116 -                Rank 1 : true
2026-02-26 14:06:21,437 [INFO] ADCParametersView:116 -                Rank 2 : false
2026-02-26 14:06:21,437 [INFO] ADCParametersView:116 -                Rank 1 : true
2026-02-26 14:06:21,437 [INFO] ADCParametersView:116 -                Rank 2 : false
2026-02-26 14:06:21,437 [INFO] ADCParametersView:116 -                Rank 1 : true
2026-02-26 14:06:21,437 [INFO] ADCParametersView:116 -                Rank 2 : false
2026-02-26 14:06:21,438 [INFO] ADCParametersView:116 -                Rank 1 : true
2026-02-26 14:06:21,438 [INFO] ADCParametersView:116 -                Rank 2 : false
2026-02-26 14:06:21,438 [INFO] ADCParametersView:116 -                Rank 1 : true
2026-02-26 14:06:21,438 [INFO] ADCParametersView:116 -                Rank 2 : false
2026-02-26 14:06:21,438 [INFO] ADCParametersView:116 -                Rank 1 : true
2026-02-26 14:06:21,438 [INFO] ADCParametersView:116 -                Rank 2 : false
2026-02-26 14:06:21,438 [INFO] ADCParametersView:116 -                Rank 1 : true
2026-02-26 14:06:21,438 [INFO] ADCParametersView:116 -                Rank 2 : false
2026-02-26 14:06:21,438 [INFO] ADCParametersView:116 -                Rank 1 : true
2026-02-26 14:06:21,438 [INFO] ADCParametersView:116 -                Rank 2 : false
2026-02-26 14:06:21,439 [INFO] ADCParametersView:116 -                Rank 1 : true
2026-02-26 14:06:21,439 [INFO] ADCParametersView:116 -                Rank 2 : false
2026-02-26 14:06:21,439 [INFO] ADCParametersView:116 -                Rank 1 : true
2026-02-26 14:06:21,439 [INFO] ADCParametersView:116 -                Rank 2 : false
2026-02-26 14:06:21,439 [INFO] ADCParametersView:116 -                Rank 1 : true
2026-02-26 14:06:21,439 [INFO] ADCParametersView:116 -                Rank 2 : false
2026-02-26 14:06:21,439 [INFO] ADCParametersView:116 -                Rank 1 : true
2026-02-26 14:06:21,439 [INFO] ADCParametersView:116 -                Rank 2 : false
2026-02-26 14:06:21,439 [INFO] ADCParametersView:116 -                Rank 1 : true
2026-02-26 14:06:21,439 [INFO] ADCParametersView:116 -                Rank 2 : false
2026-02-26 14:06:21,439 [INFO] ADCParametersView:116 -                Rank 1 : true
2026-02-26 14:06:21,439 [INFO] ADCParametersView:116 -                Rank 2 : false
2026-02-26 14:06:21,439 [INFO] ADCParametersView:116 -                Rank 2 : false
2026-02-26 14:06:21,466 [INFO] ADCParametersView:116 -                Rank 1 : true
2026-02-26 14:06:21,466 [INFO] ADCParametersView:116 -                Rank 1 : true
2026-02-26 14:06:21,466 [INFO] ADCParametersView:116 -                Rank 2 : false
2026-02-26 14:06:21,467 [INFO] ADCParametersView:116 -                Rank 1 : true
2026-02-26 14:06:21,467 [INFO] ADCParametersView:116 -                Rank 2 : false
2026-02-26 14:06:21,468 [INFO] ADCParametersView:116 -                Rank 1 : true
2026-02-26 14:06:21,468 [INFO] ADCParametersView:116 -                Rank 2 : false
2026-02-26 14:06:21,468 [INFO] ADCParametersView:116 -                Rank 1 : true
2026-02-26 14:06:21,468 [INFO] ADCParametersView:116 -                Rank 2 : false
2026-02-26 14:06:21,468 [INFO] ADCParametersView:116 -                Rank 1 : true
2026-02-26 14:06:21,468 [INFO] ADCParametersView:116 -                Rank 2 : false
2026-02-26 14:06:21,468 [INFO] ADCParametersView:116 -                Rank 1 : true
2026-02-26 14:06:21,469 [INFO] ADCParametersView:116 -                Rank 2 : false
2026-02-26 14:06:21,469 [INFO] ADCParametersView:116 -                Rank 1 : true
2026-02-26 14:06:21,469 [INFO] ADCParametersView:116 -                Rank 2 : false
2026-02-26 14:06:21,469 [INFO] ADCParametersView:116 -                Rank 1 : true
2026-02-26 14:06:21,469 [INFO] ADCParametersView:116 -                Rank 2 : false
2026-02-26 14:06:21,469 [INFO] ADCParametersView:116 -                Rank 1 : true
2026-02-26 14:06:21,469 [INFO] ADCParametersView:116 -                Rank 2 : false
2026-02-26 14:06:21,469 [INFO] ADCParametersView:116 -                Rank 1 : true
2026-02-26 14:06:21,469 [INFO] ADCParametersView:116 -                Rank 2 : false
2026-02-26 14:06:21,470 [INFO] ADCParametersView:116 -                Rank 1 : true
2026-02-26 14:06:21,470 [INFO] ADCParametersView:116 -                Rank 2 : false
2026-02-26 14:06:21,470 [INFO] ADCParametersView:116 -                Rank 1 : true
2026-02-26 14:06:21,470 [INFO] ADCParametersView:116 -                Rank 2 : false
2026-02-26 14:06:21,470 [INFO] ADCParametersView:116 -                Rank 1 : true
2026-02-26 14:06:21,470 [INFO] ADCParametersView:116 -                Rank 2 : false
2026-02-26 14:06:21,470 [INFO] ADCParametersView:116 -                Rank 1 : true
2026-02-26 14:06:21,470 [INFO] ADCParametersView:116 -                Rank 2 : false
2026-02-26 14:06:21,470 [INFO] ADCParametersView:116 -                Rank 1 : true
2026-02-26 14:06:21,470 [INFO] ADCParametersView:116 -                Rank 2 : false
2026-02-26 14:06:21,470 [INFO] ADCParametersView:116 -                Rank 1 : true
2026-02-26 14:06:21,470 [INFO] ADCParametersView:116 -                Rank 2 : false
2026-02-26 14:06:21,471 [INFO] ADCParametersView:116 -                Rank 1 : true
2026-02-26 14:06:21,471 [INFO] ADCParametersView:116 -                Rank 2 : false
2026-02-26 14:06:21,471 [INFO] ADCParametersView:116 -                Rank 1 : true
2026-02-26 14:06:21,471 [INFO] ADCParametersView:116 -                Rank 2 : false
2026-02-26 14:06:21,471 [INFO] ADCParametersView:116 -                Rank 1 : true
2026-02-26 14:06:21,471 [INFO] ADCParametersView:116 -                Rank 2 : false
2026-02-26 14:06:21,471 [INFO] ADCParametersView:116 -                Rank 1 : true
2026-02-26 14:06:21,471 [INFO] ADCParametersView:116 -                Rank 2 : false
2026-02-26 14:06:21,471 [INFO] ADCParametersView:116 -                Rank 2 : false
2026-02-26 14:06:21,491 [INFO] ADCParametersView:116 -                Rank 1 : true
2026-02-26 14:06:21,492 [INFO] ADCParametersView:116 -                Rank 1 : true
2026-02-26 14:06:21,492 [INFO] ADCParametersView:116 -                Rank 2 : false
2026-02-26 14:06:21,494 [INFO] ADCParametersView:116 -                Rank 1 : true
2026-02-26 14:06:21,494 [INFO] ADCParametersView:116 -                Rank 2 : false
2026-02-26 14:06:21,494 [INFO] ADCParametersView:116 -                Rank 1 : true
2026-02-26 14:06:21,494 [INFO] ADCParametersView:116 -                Rank 2 : false
2026-02-26 14:06:21,495 [INFO] ADCParametersView:116 -                Rank 1 : true
2026-02-26 14:06:21,495 [INFO] ADCParametersView:116 -                Rank 2 : false
2026-02-26 14:06:21,495 [INFO] ADCParametersView:116 -                Rank 1 : true
2026-02-26 14:06:21,495 [INFO] ADCParametersView:116 -                Rank 2 : false
2026-02-26 14:06:21,495 [INFO] ADCParametersView:116 -                Rank 1 : true
2026-02-26 14:06:21,495 [INFO] ADCParametersView:116 -                Rank 2 : false
2026-02-26 14:06:21,495 [INFO] ADCParametersView:116 -                Rank 1 : true
2026-02-26 14:06:21,495 [INFO] ADCParametersView:116 -                Rank 2 : false
2026-02-26 14:06:21,495 [INFO] ADCParametersView:116 -                Rank 1 : true
2026-02-26 14:06:21,496 [INFO] ADCParametersView:116 -                Rank 2 : false
2026-02-26 14:06:21,496 [INFO] ADCParametersView:116 -                Rank 1 : true
2026-02-26 14:06:21,496 [INFO] ADCParametersView:116 -                Rank 2 : false
2026-02-26 14:06:21,496 [INFO] ADCParametersView:116 -                Rank 1 : true
2026-02-26 14:06:21,496 [INFO] ADCParametersView:116 -                Rank 2 : false
2026-02-26 14:06:21,496 [INFO] ADCParametersView:116 -                Rank 1 : true
2026-02-26 14:06:21,496 [INFO] ADCParametersView:116 -                Rank 2 : false
2026-02-26 14:06:21,496 [INFO] ADCParametersView:116 -                Rank 1 : true
2026-02-26 14:06:21,496 [INFO] ADCParametersView:116 -                Rank 2 : false
2026-02-26 14:06:21,496 [INFO] ADCParametersView:116 -                Rank 1 : true
2026-02-26 14:06:21,496 [INFO] ADCParametersView:116 -                Rank 2 : false
2026-02-26 14:06:21,497 [INFO] ADCParametersView:116 -                Rank 1 : true
2026-02-26 14:06:21,497 [INFO] ADCParametersView:116 -                Rank 2 : false
2026-02-26 14:06:21,497 [INFO] ADCParametersView:116 -                Rank 1 : true
2026-02-26 14:06:21,497 [INFO] ADCParametersView:116 -                Rank 2 : false
2026-02-26 14:06:21,497 [INFO] ADCParametersView:116 -                Rank 1 : true
2026-02-26 14:06:21,497 [INFO] ADCParametersView:116 -                Rank 2 : false
2026-02-26 14:06:21,497 [INFO] ADCParametersView:116 -                Rank 1 : true
2026-02-26 14:06:21,497 [INFO] ADCParametersView:116 -                Rank 2 : false
2026-02-26 14:06:21,497 [INFO] ADCParametersView:116 -                Rank 1 : true
2026-02-26 14:06:21,497 [INFO] ADCParametersView:116 -                Rank 2 : false
2026-02-26 14:06:21,497 [INFO] ADCParametersView:116 -                Rank 1 : true
2026-02-26 14:06:21,497 [INFO] ADCParametersView:116 -                Rank 2 : false
2026-02-26 14:06:21,497 [INFO] ADCParametersView:116 -                Rank 1 : true
2026-02-26 14:06:21,497 [INFO] ADCParametersView:116 -                Rank 2 : false
2026-02-26 14:06:21,497 [INFO] ADCParametersView:116 -                Rank 2 : false
2026-02-26 14:06:21,518 [INFO] ADCParametersView:116 -                Rank 1 : true
2026-02-26 14:06:21,519 [INFO] ADCParametersView:116 -                Rank 1 : true
2026-02-26 14:06:21,519 [INFO] ADCParametersView:116 -                Rank 2 : false
2026-02-26 14:06:21,520 [INFO] ADCParametersView:116 -                Rank 1 : true
2026-02-26 14:06:21,520 [INFO] ADCParametersView:116 -                Rank 2 : false
2026-02-26 14:06:21,521 [INFO] ADCParametersView:116 -                Rank 1 : true
2026-02-26 14:06:21,521 [INFO] ADCParametersView:116 -                Rank 2 : false
2026-02-26 14:06:21,522 [INFO] ADCParametersView:116 -                Rank 1 : true
2026-02-26 14:06:21,522 [INFO] ADCParametersView:116 -                Rank 2 : false
2026-02-26 14:06:21,522 [INFO] ADCParametersView:116 -                Rank 1 : true
2026-02-26 14:06:21,522 [INFO] ADCParametersView:116 -                Rank 2 : false
2026-02-26 14:06:21,522 [INFO] ADCParametersView:116 -                Rank 1 : true
2026-02-26 14:06:21,522 [INFO] ADCParametersView:116 -                Rank 2 : false
2026-02-26 14:06:21,523 [INFO] ADCParametersView:116 -                Rank 1 : true
2026-02-26 14:06:21,523 [INFO] ADCParametersView:116 -                Rank 2 : false
2026-02-26 14:06:21,523 [INFO] ADCParametersView:116 -                Rank 1 : true
2026-02-26 14:06:21,523 [INFO] ADCParametersView:116 -                Rank 2 : false
2026-02-26 14:06:21,523 [INFO] ADCParametersView:116 -                Rank 1 : true
2026-02-26 14:06:21,523 [INFO] ADCParametersView:116 -                Rank 2 : false
2026-02-26 14:06:21,523 [INFO] ADCParametersView:116 -                Rank 1 : true
2026-02-26 14:06:21,523 [INFO] ADCParametersView:116 -                Rank 2 : false
2026-02-26 14:06:21,523 [INFO] ADCParametersView:116 -                Rank 1 : true
2026-02-26 14:06:21,523 [INFO] ADCParametersView:116 -                Rank 2 : false
2026-02-26 14:06:21,524 [INFO] ADCParametersView:116 -                Rank 1 : true
2026-02-26 14:06:21,524 [INFO] ADCParametersView:116 -                Rank 2 : false
2026-02-26 14:06:21,524 [INFO] ADCParametersView:116 -                Rank 1 : true
2026-02-26 14:06:21,524 [INFO] ADCParametersView:116 -                Rank 2 : false
2026-02-26 14:06:21,524 [INFO] ADCParametersView:116 -                Rank 1 : true
2026-02-26 14:06:21,524 [INFO] ADCParametersView:116 -                Rank 2 : false
2026-02-26 14:06:21,524 [INFO] ADCParametersView:116 -                Rank 1 : true
2026-02-26 14:06:21,524 [INFO] ADCParametersView:116 -                Rank 2 : false
2026-02-26 14:06:21,524 [INFO] ADCParametersView:116 -                Rank 1 : true
2026-02-26 14:06:21,524 [INFO] ADCParametersView:116 -                Rank 2 : false
2026-02-26 14:06:21,524 [INFO] ADCParametersView:116 -                Rank 1 : true
2026-02-26 14:06:21,524 [INFO] ADCParametersView:116 -                Rank 2 : false
2026-02-26 14:06:21,524 [INFO] ADCParametersView:116 -                Rank 1 : true
2026-02-26 14:06:21,525 [INFO] ADCParametersView:116 -                Rank 2 : false
2026-02-26 14:06:21,525 [INFO] ADCParametersView:116 -                Rank 1 : true
2026-02-26 14:06:21,525 [INFO] ADCParametersView:116 -                Rank 2 : false
2026-02-26 14:06:21,525 [INFO] ADCParametersView:116 -                Rank 1 : true
2026-02-26 14:06:21,525 [INFO] ADCParametersView:116 -                Rank 2 : false
2026-02-26 14:06:21,525 [INFO] ADCParametersView:116 -                Rank 2 : false
2026-02-26 14:06:21,554 [INFO] ADCParametersView:116 -                Rank 1 : true
2026-02-26 14:06:21,554 [INFO] ADCParametersView:116 -                Rank 1 : true
2026-02-26 14:06:21,555 [INFO] ADCParametersView:116 -                Rank 2 : false
2026-02-26 14:06:44,455 [INFO] NvicIntPanel:101 - NVIC parent = com.st.microxplorer.plugins.ip.nvic.MultiNvicIntPanel[,0,0,0x0,invalid,layout=javax.swing.BoxLayout,alignmentX=0.0,alignmentY=0.0,border=,flags=9,maximumSize=,minimumSize=,preferredSize=]
2026-02-26 14:06:44,485 [INFO] ADCParametersView:116 -                Rank 1 : true
2026-02-26 14:06:44,485 [INFO] ADCParametersView:116 -                Rank 2 : false
2026-02-26 14:06:44,490 [INFO] ADCParametersView:116 -                Rank 1 : true
2026-02-26 14:06:44,490 [INFO] ADCParametersView:116 -                Rank 2 : false
2026-02-26 14:06:44,490 [INFO] ADCParametersView:116 -                Rank 1 : true
2026-02-26 14:06:44,490 [INFO] ADCParametersView:116 -                Rank 2 : false
2026-02-26 14:06:44,490 [INFO] ADCParametersView:116 -                Rank 1 : true
2026-02-26 14:06:44,491 [INFO] ADCParametersView:116 -                Rank 2 : false
2026-02-26 14:06:44,491 [INFO] ADCParametersView:116 -                Rank 1 : true
2026-02-26 14:06:44,491 [INFO] ADCParametersView:116 -                Rank 2 : false
2026-02-26 14:06:44,491 [INFO] ADCParametersView:116 -                Rank 1 : true
2026-02-26 14:06:44,491 [INFO] ADCParametersView:116 -                Rank 2 : false
2026-02-26 14:06:44,491 [INFO] ADCParametersView:116 -                Rank 1 : true
2026-02-26 14:06:44,492 [INFO] ADCParametersView:116 -                Rank 2 : false
2026-02-26 14:06:44,492 [INFO] ADCParametersView:116 -                Rank 1 : true
2026-02-26 14:06:44,492 [INFO] ADCParametersView:116 -                Rank 2 : false
2026-02-26 14:06:44,493 [INFO] ADCParametersView:116 -                Rank 1 : true
2026-02-26 14:06:44,493 [INFO] ADCParametersView:116 -                Rank 2 : false
2026-02-26 14:06:44,493 [INFO] ADCParametersView:116 -                Rank 1 : true
2026-02-26 14:06:44,493 [INFO] ADCParametersView:116 -                Rank 2 : false
2026-02-26 14:06:44,493 [INFO] ADCParametersView:116 -                Rank 1 : true
2026-02-26 14:06:44,493 [INFO] ADCParametersView:116 -                Rank 2 : false
2026-02-26 14:06:44,493 [INFO] ADCParametersView:116 -                Rank 1 : true
2026-02-26 14:06:44,493 [INFO] ADCParametersView:116 -                Rank 2 : false
2026-02-26 14:06:44,493 [INFO] ADCParametersView:116 -                Rank 1 : true
2026-02-26 14:06:44,493 [INFO] ADCParametersView:116 -                Rank 2 : false
2026-02-26 14:06:44,494 [INFO] ADCParametersView:116 -                Rank 1 : true
2026-02-26 14:06:44,494 [INFO] ADCParametersView:116 -                Rank 2 : false
2026-02-26 14:06:44,494 [INFO] ADCParametersView:116 -                Rank 1 : true
2026-02-26 14:06:44,494 [INFO] ADCParametersView:116 -                Rank 2 : false
2026-02-26 14:06:44,494 [INFO] ADCParametersView:116 -                Rank 1 : true
2026-02-26 14:06:44,494 [INFO] ADCParametersView:116 -                Rank 2 : false
2026-02-26 14:06:44,496 [INFO] ADCParametersView:116 -                Rank 1 : true
2026-02-26 14:06:44,496 [INFO] ADCParametersView:116 -                Rank 2 : false
2026-02-26 14:06:44,497 [INFO] ADCParametersView:116 -                Rank 1 : true
2026-02-26 14:06:44,497 [INFO] ADCParametersView:116 -                Rank 2 : false
2026-02-26 14:06:44,497 [INFO] ADCParametersView:116 -                Rank 1 : true
2026-02-26 14:06:44,497 [INFO] ADCParametersView:116 -                Rank 2 : false
2026-02-26 14:06:44,497 [INFO] ADCParametersView:116 -                Rank 2 : false
2026-02-26 14:06:44,530 [INFO] ADCParametersView:116 -                Rank 1 : true
2026-02-26 14:06:44,530 [INFO] ADCParametersView:116 -                Rank 1 : true
2026-02-26 14:06:44,530 [INFO] ADCParametersView:116 -                Rank 2 : false
2026-02-26 14:07:16,781 [INFO] ADCParametersView:116 -                Rank 1 : true
2026-02-26 14:07:16,783 [INFO] ADCParametersView:116 -                Rank 2 : true
2026-02-26 14:07:19,070 [INFO] NvicIntPanel:101 - NVIC parent = com.st.microxplorer.plugins.ip.nvic.MultiNvicIntPanel[,0,0,0x0,invalid,layout=javax.swing.BoxLayout,alignmentX=0.0,alignmentY=0.0,border=,flags=9,maximumSize=,minimumSize=,preferredSize=]
2026-02-26 14:07:19,096 [INFO] ADCParametersView:116 -                Rank 1 : true
2026-02-26 14:07:19,096 [INFO] ADCParametersView:116 -                Rank 2 : true
2026-02-26 14:07:19,103 [INFO] ADCParametersView:116 -                Rank 1 : true
2026-02-26 14:07:19,103 [INFO] ADCParametersView:116 -                Rank 2 : true
2026-02-26 14:07:19,103 [INFO] ADCParametersView:116 -                Rank 1 : true
2026-02-26 14:07:19,103 [INFO] ADCParametersView:116 -                Rank 2 : true
2026-02-26 14:07:19,103 [INFO] ADCParametersView:116 -                Rank 1 : true
2026-02-26 14:07:19,103 [INFO] ADCParametersView:116 -                Rank 2 : true
2026-02-26 14:07:19,103 [INFO] ADCParametersView:116 -                Rank 1 : true
2026-02-26 14:07:19,104 [INFO] ADCParametersView:116 -                Rank 2 : true
2026-02-26 14:07:19,104 [INFO] ADCParametersView:116 -                Rank 1 : true
2026-02-26 14:07:19,104 [INFO] ADCParametersView:116 -                Rank 2 : true
2026-02-26 14:07:19,104 [INFO] ADCParametersView:116 -                Rank 1 : true
2026-02-26 14:07:19,104 [INFO] ADCParametersView:116 -                Rank 2 : true
2026-02-26 14:07:19,104 [INFO] ADCParametersView:116 -                Rank 1 : true
2026-02-26 14:07:19,104 [INFO] ADCParametersView:116 -                Rank 2 : true
2026-02-26 14:07:19,104 [INFO] ADCParametersView:116 -                Rank 1 : true
2026-02-26 14:07:19,104 [INFO] ADCParametersView:116 -                Rank 2 : true
2026-02-26 14:07:19,105 [INFO] ADCParametersView:116 -                Rank 1 : true
2026-02-26 14:07:19,105 [INFO] ADCParametersView:116 -                Rank 2 : true
2026-02-26 14:07:19,105 [INFO] ADCParametersView:116 -                Rank 1 : true
2026-02-26 14:07:19,105 [INFO] ADCParametersView:116 -                Rank 2 : true
2026-02-26 14:07:19,105 [INFO] ADCParametersView:116 -                Rank 1 : true
2026-02-26 14:07:19,105 [INFO] ADCParametersView:116 -                Rank 2 : true
2026-02-26 14:07:19,105 [INFO] ADCParametersView:116 -                Rank 1 : true
2026-02-26 14:07:19,105 [INFO] ADCParametersView:116 -                Rank 2 : true
2026-02-26 14:07:19,105 [INFO] ADCParametersView:116 -                Rank 1 : true
2026-02-26 14:07:19,105 [INFO] ADCParametersView:116 -                Rank 2 : true
2026-02-26 14:07:19,105 [INFO] ADCParametersView:116 -                Rank 1 : true
2026-02-26 14:07:19,105 [INFO] ADCParametersView:116 -                Rank 2 : true
2026-02-26 14:07:19,105 [INFO] ADCParametersView:116 -                Rank 1 : true
2026-02-26 14:07:19,106 [INFO] ADCParametersView:116 -                Rank 2 : true
2026-02-26 14:07:19,106 [INFO] ADCParametersView:116 -                Rank 1 : true
2026-02-26 14:07:19,106 [INFO] ADCParametersView:116 -                Rank 2 : true
2026-02-26 14:07:19,106 [INFO] ADCParametersView:116 -                Rank 1 : true
2026-02-26 14:07:19,106 [INFO] ADCParametersView:116 -                Rank 2 : true
2026-02-26 14:07:19,106 [INFO] ADCParametersView:116 -                Rank 1 : true
2026-02-26 14:07:19,106 [INFO] ADCParametersView:116 -                Rank 2 : true
2026-02-26 14:07:19,106 [INFO] ADCParametersView:116 -                Rank 2 : true
2026-02-26 14:07:19,130 [INFO] ADCParametersView:116 -                Rank 1 : true
2026-02-26 14:07:19,131 [INFO] ADCParametersView:116 -                Rank 1 : true
2026-02-26 14:07:19,131 [INFO] ADCParametersView:116 -                Rank 2 : true
2026-02-26 14:07:21,488 [INFO] NvicIntPanel:101 - NVIC parent = com.st.microxplorer.plugins.ip.nvic.MultiNvicIntPanel[,0,0,0x0,invalid,layout=javax.swing.BoxLayout,alignmentX=0.0,alignmentY=0.0,border=,flags=9,maximumSize=,minimumSize=,preferredSize=]
2026-02-26 14:07:21,509 [INFO] ADCParametersView:116 -                Rank 1 : true
2026-02-26 14:07:21,509 [INFO] ADCParametersView:116 -                Rank 2 : true
2026-02-26 14:07:21,510 [INFO] ADCParametersView:116 -                Rank 1 : true
2026-02-26 14:07:21,510 [INFO] ADCParametersView:116 -                Rank 2 : true
2026-02-26 14:07:21,511 [INFO] ADCParametersView:116 -                Rank 1 : true
2026-02-26 14:07:21,511 [INFO] ADCParametersView:116 -                Rank 2 : true
2026-02-26 14:07:21,511 [INFO] ADCParametersView:116 -                Rank 1 : true
2026-02-26 14:07:21,511 [INFO] ADCParametersView:116 -                Rank 2 : true
2026-02-26 14:07:21,511 [INFO] ADCParametersView:116 -                Rank 1 : true
2026-02-26 14:07:21,511 [INFO] ADCParametersView:116 -                Rank 2 : true
2026-02-26 14:07:21,511 [INFO] ADCParametersView:116 -                Rank 1 : true
2026-02-26 14:07:21,511 [INFO] ADCParametersView:116 -                Rank 2 : true
2026-02-26 14:07:21,512 [INFO] ADCParametersView:116 -                Rank 1 : true
2026-02-26 14:07:21,512 [INFO] ADCParametersView:116 -                Rank 2 : true
2026-02-26 14:07:21,512 [INFO] ADCParametersView:116 -                Rank 1 : true
2026-02-26 14:07:21,512 [INFO] ADCParametersView:116 -                Rank 2 : true
2026-02-26 14:07:21,512 [INFO] ADCParametersView:116 -                Rank 1 : true
2026-02-26 14:07:21,512 [INFO] ADCParametersView:116 -                Rank 2 : true
2026-02-26 14:07:21,512 [INFO] ADCParametersView:116 -                Rank 1 : true
2026-02-26 14:07:21,512 [INFO] ADCParametersView:116 -                Rank 2 : true
2026-02-26 14:07:21,513 [INFO] ADCParametersView:116 -                Rank 1 : true
2026-02-26 14:07:21,513 [INFO] ADCParametersView:116 -                Rank 2 : true
2026-02-26 14:07:21,513 [INFO] ADCParametersView:116 -                Rank 1 : true
2026-02-26 14:07:21,513 [INFO] ADCParametersView:116 -                Rank 2 : true
2026-02-26 14:07:21,513 [INFO] ADCParametersView:116 -                Rank 1 : true
2026-02-26 14:07:21,513 [INFO] ADCParametersView:116 -                Rank 2 : true
2026-02-26 14:07:21,513 [INFO] ADCParametersView:116 -                Rank 1 : true
2026-02-26 14:07:21,513 [INFO] ADCParametersView:116 -                Rank 2 : true
2026-02-26 14:07:21,513 [INFO] ADCParametersView:116 -                Rank 1 : true
2026-02-26 14:07:21,513 [INFO] ADCParametersView:116 -                Rank 2 : true
2026-02-26 14:07:21,513 [INFO] ADCParametersView:116 -                Rank 1 : true
2026-02-26 14:07:21,513 [INFO] ADCParametersView:116 -                Rank 2 : true
2026-02-26 14:07:21,514 [INFO] ADCParametersView:116 -                Rank 1 : true
2026-02-26 14:07:21,514 [INFO] ADCParametersView:116 -                Rank 2 : true
2026-02-26 14:07:21,514 [INFO] ADCParametersView:116 -                Rank 1 : true
2026-02-26 14:07:21,514 [INFO] ADCParametersView:116 -                Rank 2 : true
2026-02-26 14:07:21,514 [INFO] ADCParametersView:116 -                Rank 1 : true
2026-02-26 14:07:21,514 [INFO] ADCParametersView:116 -                Rank 2 : true
2026-02-26 14:07:21,514 [INFO] ADCParametersView:116 -                Rank 2 : true
2026-02-26 14:07:21,539 [INFO] ADCParametersView:116 -                Rank 1 : true
2026-02-26 14:07:21,540 [INFO] ADCParametersView:116 -                Rank 1 : true
2026-02-26 14:07:21,540 [INFO] ADCParametersView:116 -                Rank 2 : true
2026-02-26 14:25:26,469 [INFO] UtilMem:75 - End SaveConfig() Used Memory: 976904728 Bytes (1073741824)
2026-02-26 14:36:27,568 [INFO] MainUpdater:2872 - connection check result : 10
2026-02-26 14:36:27,574 [INFO] MainUpdater:2872 - connection check result : 10
2026-02-26 14:36:27,723 [INFO] MicroXplorer:468 - Change Database Path : 
2026-02-26 14:36:27,723 [INFO] MicroXplorer:498 - Change Database Version : DB.6.0.150
2026-02-26 14:36:27,811 [ERROR] ProjectManagerView:395 - 
java.lang.NullPointerException: Cannot invoke "javax.swing.JTextField.getText()" because the return value of "java.util.List.get(int)" is null
	at com.st.microxplorer.plugins.projectmanager.gui.ProjectChoiceTab$9.caretUpdate(ProjectChoiceTab.java:2706) ~[filemanager.jar:?]
	at javax.swing.text.JTextComponent.fireCaretUpdate(JTextComponent.java:408) ~[?:?]
	at javax.swing.text.JTextComponent$MutableCaretEvent.fire(JTextComponent.java:4484) ~[?:?]
	at javax.swing.text.JTextComponent$MutableCaretEvent.stateChanged(JTextComponent.java:4506) ~[?:?]
	at javax.swing.text.DefaultCaret.fireStateChanged(DefaultCaret.java:857) ~[?:?]
	at javax.swing.text.DefaultCaret.changeCaretPosition(DefaultCaret.java:1343) ~[?:?]
	at javax.swing.text.DefaultCaret.handleSetDot(DefaultCaret.java:1242) ~[?:?]
	at javax.swing.text.DefaultCaret.setDot(DefaultCaret.java:1223) ~[?:?]
	at javax.swing.text.DefaultCaret$Handler.insertUpdate(DefaultCaret.java:1819) ~[?:?]
	at javax.swing.text.AbstractDocument.fireInsertUpdate(AbstractDocument.java:227) ~[?:?]
	at javax.swing.text.AbstractDocument.handleInsertString(AbstractDocument.java:781) ~[?:?]
	at javax.swing.text.AbstractDocument.insertString(AbstractDocument.java:740) ~[?:?]
	at javax.swing.text.PlainDocument.insertString(PlainDocument.java:131) ~[?:?]
	at javax.swing.text.AbstractDocument.replace(AbstractDocument.java:699) ~[?:?]
	at javax.swing.text.JTextComponent.setText(JTextComponent.java:1725) ~[?:?]
	at com.st.microxplorer.plugins.projectmanager.gui.ProjectChoiceTab.createHeapStackFields(ProjectChoiceTab.java:993) ~[filemanager.jar:?]
	at com.st.microxplorer.plugins.projectmanager.gui.ProjectChoiceTab.buildLinkSettingsPanel(ProjectChoiceTab.java:3813) ~[filemanager.jar:?]
	at com.st.microxplorer.plugins.projectmanager.gui.ProjectChoiceTab.defineWindowsFields(ProjectChoiceTab.java:1987) ~[filemanager.jar:?]
	at com.st.microxplorer.plugins.projectmanager.gui.ProjectChoiceTab.updateSettings(ProjectChoiceTab.java:558) ~[filemanager.jar:?]
	at com.st.microxplorer.plugins.projectmanager.gui.ProjectSettingsPanel.UpdateDialog(ProjectSettingsPanel.java:247) ~[filemanager.jar:?]
	at com.st.microxplorer.plugins.projectmanager.ProjectManagerView.propertyChange(ProjectManagerView.java:392) ~[filemanager.jar:?]
	at java.beans.PropertyChangeSupport.fire(PropertyChangeSupport.java:343) ~[?:?]
	at java.beans.PropertyChangeSupport.firePropertyChange(PropertyChangeSupport.java:335) ~[?:?]
	at java.beans.PropertyChangeSupport.firePropertyChange(PropertyChangeSupport.java:268) ~[?:?]
	at com.st.microxplorer.util.MXPropertyChangeSupport.firePropertyChange(MXPropertyChangeSupport.java:54) ~[STM32CubeMX.jar:?]
	at com.st.microxplorer.mxsystem.MxSystem.closeConfig(MxSystem.java:899) ~[STM32CubeMX.jar:?]
	at com.st.microxplorer.maingui.MainPanel.closeConfig(MainPanel.java:792) ~[STM32CubeMX.jar:?]
	at com.st.microxplorer.plugins.filemanager.engine.OpenFileManager.loadConfigurationFile(OpenFileManager.java:288) ~[filemanager.jar:?]
	at com.st.microxplorer.plugins.filemanager.engine.MainFileManager.userLoadConfig(MainFileManager.java:364) ~[filemanager.jar:?]
	at com.st.microxplorer.plugins.filemanager.engine.MainFileManager.userLoadConfig(MainFileManager.java:342) ~[filemanager.jar:?]
	at com.st.microxplorer.plugins.filemanager.FileManagerView.getSpecificTask(FileManagerView.java:264) ~[filemanager.jar:?]
	at com.st.stm32cube.common.mx.editor.CubeMxEditor.getMxTabbedPaneInstance(CubeMxEditor.java:1198) ~[com.st.stm32cube.common.mx_6.15.0.202507011659/:?]
	at com.st.stm32cube.common.mx.editor.CubeMxEditor$12$1.createSwingComponent(CubeMxEditor.java:1068) ~[com.st.stm32cube.common.mx_6.15.0.202507011659/:?]
	at com.st.stm32cube.common.mx.oss.core.awtswtbridge.EmbeddedSwingComposite.doComponentCreation(EmbeddedSwingComposite.java:492) ~[com.st.stm32cube.common.mx.oss_6.15.0.202507011659/:?]
	at com.st.stm32cube.common.mx.oss.core.awtswtbridge.EmbeddedSwingComposite$4.run(EmbeddedSwingComposite.java:291) ~[com.st.stm32cube.common.mx.oss_6.15.0.202507011659/:?]
	at com.st.stm32cube.common.mx.oss.core.awtswtbridge.AwtEnvironment$2.run(AwtEnvironment.java:166) ~[com.st.stm32cube.common.mx.oss_6.15.0.202507011659/:?]
	at java.awt.event.InvocationEvent.dispatch(InvocationEvent.java:318) ~[?:?]
	at java.awt.EventQueue.dispatchEventImpl(EventQueue.java:773) ~[?:?]
	at java.awt.EventQueue$4.run(EventQueue.java:720) ~[?:?]
	at java.awt.EventQueue$4.run(EventQueue.java:714) ~[?:?]
	at java.security.AccessController.doPrivileged(AccessController.java:400) ~[?:?]
	at java.security.ProtectionDomain$JavaSecurityAccessImpl.doIntersectionPrivilege(ProtectionDomain.java:87) ~[?:?]
	at java.awt.EventQueue.dispatchEvent(EventQueue.java:742) ~[?:?]
	at java.awt.EventDispatchThread.pumpOneEventForFilters(EventDispatchThread.java:203) ~[?:?]
	at java.awt.EventDispatchThread.pumpEventsForFilter(EventDispatchThread.java:124) ~[?:?]
	at java.awt.EventDispatchThread.pumpEventsForHierarchy(EventDispatchThread.java:113) ~[?:?]
	at java.awt.EventDispatchThread.pumpEvents(EventDispatchThread.java:109) ~[?:?]
	at java.awt.EventDispatchThread.pumpEvents(EventDispatchThread.java:101) ~[?:?]
	at java.awt.EventDispatchThread.run(EventDispatchThread.java:90) ~[?:?]
2026-02-26 14:36:27,823 [WARN] ThirdParty:871 - waiting for thirdparty lock release [close project]
2026-02-26 14:36:27,824 [INFO] ThirdParty:873 - entering critical section [close project]
2026-02-26 14:36:27,824 [INFO] ThirdParty:883 - exiting critical section [close project]
2026-02-26 14:36:27,830 [INFO] PinOutPanel:1589 - setPackage(No Configuration,No Configuration)
2026-02-26 14:36:27,852 [INFO] UtilMem:75 - Begin LoadConfig() Used Memory: 959540584 Bytes (1073741824)
2026-02-26 14:36:38,594 [INFO] ServerAccessManage:452 - Complete download http(s) 200
2026-02-26 14:36:38,609 [INFO] ServerAccessManage:509 - Download File stm32cube_db_v60140.zip
2026-02-26 14:36:41,093 [INFO] FileExtend:248 - Unzip File : stm32cube_db_v60140.zip
2026-02-26 14:36:41,097 [INFO] FileExtend:263 - Standard Zip Deflate
2026-02-26 14:36:42,868 [INFO] LoadServerPackagesThread:196 - End of LoadServerPackages Thread
2026-02-26 14:36:43,266 [INFO] CheckServerUpdateThread:120 - End of CheckServer Thread
2026-02-26 14:36:49,905 [INFO] AnalyticsPlugin:368 - Accepted License(s): [FW.L4.1.18.0]
2026-02-26 14:36:49,907 [INFO] FileExtend:248 - Unzip File : stm32cube_fw_l4_v1180.zip
2026-02-26 14:36:49,909 [INFO] FileExtend:263 - Standard Zip Deflate
2026-02-26 14:36:58,681 [INFO] ServerAccessManage:452 - Complete download http(s) 200
2026-02-26 14:36:58,689 [INFO] ServerAccessManage:509 - Download File stm32cube_fw_l4_v1181.zip
2026-02-26 14:37:07,801 [INFO] FileExtend:248 - Unzip File : stm32cube_fw_l4_v1181.zip
2026-02-26 14:37:07,804 [INFO] FileExtend:263 - Standard Zip Deflate
2026-02-26 14:37:12,512 [INFO] LoadServerPackagesThread:196 - End of LoadServerPackages Thread
2026-02-26 14:37:12,847 [INFO] CheckServerUpdateThread:120 - End of CheckServer Thread
2026-02-26 14:37:12,884 [INFO] MicroXplorer:468 - Change Database Path : /Users/amanda/.stm32cubemx/databases/DB.6.0.140/db/
2026-02-26 14:37:12,885 [INFO] MicroXplorer:498 - Change Database Version : DB.6.0.140
2026-02-26 14:37:12,886 [INFO] OpenFileManager:355 - Change cursor
2026-02-26 14:37:12,974 [INFO] RulesReader:64 - Compatibility file has been processed (301 Rules)
2026-02-26 14:37:12,988 [INFO] Mcu:2029 - Initializing MCU STM32L433RCTxP STM32L433RCTxP STM32L433RCT6P
2026-02-26 14:37:14,192 [INFO] Context:786 - Trying to add GPIOservice into a context  which must be forbidden
2026-02-26 14:37:14,889 [INFO] ImportTextPane:234 - (OptionalMessage_ERROR) Pin24 (VP_RIF_VS_RIF1) cannot be retrieved for this MCU
2026-02-26 14:37:14,942 [WARN] ModelIntegratedComponent:63 - No mode defined for component null
2026-02-26 14:37:14,943 [WARN] ModelIntegratedComponent:63 - No mode defined for component null
2026-02-26 14:37:14,943 [WARN] ModelIntegratedComponent:63 - No mode defined for component null
2026-02-26 14:37:14,943 [WARN] ModelIntegratedComponent:63 - No mode defined for component null
2026-02-26 14:37:14,943 [WARN] ModelIntegratedComponent:63 - No mode defined for component null
2026-02-26 14:37:14,943 [WARN] ModelIntegratedComponent:63 - No mode defined for component null
2026-02-26 14:37:14,944 [WARN] ModelIntegratedComponent:63 - No mode defined for component null
2026-02-26 14:37:14,944 [WARN] ModelIntegratedComponent:63 - No mode defined for component null
2026-02-26 14:37:14,945 [WARN] ModelIntegratedComponent:63 - No mode defined for component null
2026-02-26 14:37:14,945 [WARN] ModelIntegratedComponent:63 - No mode defined for component null
2026-02-26 14:37:14,945 [WARN] ModelIntegratedComponent:63 - No mode defined for component null
2026-02-26 14:37:14,945 [WARN] ModelIntegratedComponent:63 - No mode defined for component null
2026-02-26 14:37:14,945 [WARN] ModelIntegratedComponent:63 - No mode defined for component null
2026-02-26 14:37:14,945 [WARN] ModelIntegratedComponent:63 - No mode defined for component null
2026-02-26 14:37:14,945 [WARN] ModelIntegratedComponent:63 - No mode defined for component null
2026-02-26 14:37:14,945 [WARN] ModelIntegratedComponent:63 - No mode defined for component null
2026-02-26 14:37:14,946 [WARN] ModelIntegratedComponent:63 - No mode defined for component null
2026-02-26 14:37:14,947 [WARN] ModelIntegratedComponent:63 - No mode defined for component null
2026-02-26 14:37:14,947 [WARN] ModelIntegratedComponent:63 - No mode defined for component null
2026-02-26 14:37:14,947 [WARN] ModelIntegratedComponent:63 - No mode defined for component null
2026-02-26 14:37:14,947 [WARN] ModelIntegratedComponent:63 - No mode defined for component null
2026-02-26 14:37:14,948 [WARN] ModelIntegratedComponent:63 - No mode defined for component null
2026-02-26 14:37:14,948 [WARN] ModelIntegratedComponent:63 - No mode defined for component null
2026-02-26 14:37:14,948 [WARN] ModelIntegratedComponent:63 - No mode defined for component null
2026-02-26 14:37:14,948 [WARN] ModelIntegratedComponent:63 - No mode defined for component null
2026-02-26 14:37:14,948 [WARN] ModelIntegratedComponent:63 - No mode defined for component null
2026-02-26 14:37:14,948 [WARN] ModelIntegratedComponent:63 - No mode defined for component null
2026-02-26 14:37:14,948 [WARN] ModelIntegratedComponent:63 - No mode defined for component null
2026-02-26 14:37:14,949 [WARN] ModelIntegratedComponent:63 - No mode defined for component null
2026-02-26 14:37:14,949 [WARN] ModelIntegratedComponent:63 - No mode defined for component null
2026-02-26 14:37:14,949 [WARN] ModelIntegratedComponent:63 - No mode defined for component null
2026-02-26 14:37:14,950 [WARN] ModelIntegratedComponent:63 - No mode defined for component null
2026-02-26 14:37:14,950 [WARN] ModelIntegratedComponent:63 - No mode defined for component null
2026-02-26 14:37:14,950 [WARN] ModelIntegratedComponent:63 - No mode defined for component null
2026-02-26 14:37:14,950 [WARN] ModelIntegratedComponent:63 - No mode defined for component null
2026-02-26 14:37:14,951 [WARN] ModelPack:524 - Component already loaded: STMicroelectronics:HAL Drivers:0.0.0:STMicroelectronics:Device:STMicro_Driver:XSPI:HAL::0.0.1:HAL_XSPI
2026-02-26 14:37:14,961 [INFO] RtosManager:558 - Registered RTOS mode: class=CMSIS, group=RTOS, mode=CMSIS_V1, owner=FREERTOS
2026-02-26 14:37:14,961 [INFO] RtosManager:558 - Registered RTOS mode: class=CMSIS, group=RTOS2, mode=CMSIS_V2, owner=FREERTOS
2026-02-26 14:37:14,961 [INFO] RtosManager:558 - Registered RTOS mode: class=RTOS, group=Core, mode=CMSIS_V1, owner=FREERTOS
2026-02-26 14:37:14,961 [INFO] RtosManager:558 - Registered RTOS mode: class=RTOS, group=Core, mode=CMSIS_V2, owner=FREERTOS
2026-02-26 14:37:14,961 [WARN] ModelIntegratedComponent:184 - Missing modes for component STMicroelectronics:FreeRTOS:0.0.1:STMicroelectronics:RTOS:FreeRTOS:Core:::10.2.0:
2026-02-26 14:37:14,970 [INFO] ThirdPartyModel:298 - Start build external matchings
2026-02-26 14:37:14,980 [INFO] ThirdPartyModel:316 - End build external matchings
2026-02-26 14:37:14,991 [INFO] ImportTextPane:234 - (OptionalMessage_ERROR) IP (RCC) : Invalid parameter (FamilyName)
2026-02-26 14:37:14,992 [INFO] ImportTextPane:234 - (OptionalMessage_ERROR) IP (RCC) : Invalid parameter (I2C4Freq_Value)
2026-02-26 14:37:14,996 [INFO] ImportTextPane:234 - (OptionalMessage_ERROR) IP (RCC) : Parameter (RNGFreq_Value) has invalid value (64000000)
2026-02-26 14:37:14,997 [INFO] ImportTextPane:234 - (OptionalMessage_ERROR) IP (RCC) : Parameter (SDMMCFreq_Value) has invalid value (64000000)
2026-02-26 14:37:14,997 [INFO] ImportTextPane:234 - (OptionalMessage_ERROR) IP (RCC) : Invalid parameter (UART4Freq_Value)
2026-02-26 14:37:14,997 [INFO] ImportTextPane:234 - (OptionalMessage_ERROR) IP (RCC) : Invalid parameter (UART5Freq_Value)
2026-02-26 14:37:14,997 [INFO] ImportTextPane:234 - (OptionalMessage_ERROR) IP (RCC) : Parameter (USBFreq_Value) has invalid value (64000000)
2026-02-26 14:37:14,997 [INFO] ImportTextPane:234 - (OptionalMessage_ERROR) IP (RCC) : Invalid parameter (VCOSAI2OutputFreq_Value)
2026-02-26 14:37:15,164 [INFO] UtilMem:75 - End LoadConfig() Used Memory: 912691840 Bytes (1073741824)
2026-02-26 14:37:15,237 [WARN] ThirdParty:833 - waiting for thirdparty lock release [change project]
2026-02-26 14:37:15,239 [INFO] ThirdParty:835 - entering critical section [change project]
2026-02-26 14:37:15,239 [INFO] ThirdParty:1030 - CMSIS Pack Vendor :STMicroelectronics USBPD 4.1
2026-02-26 14:37:15,239 [INFO] ThirdParty:1030 - CMSIS Pack Vendor :STMicroelectronics USB_HOST 2.0.0
2026-02-26 14:37:15,239 [INFO] ThirdParty:1030 - CMSIS Pack Vendor :STMicroelectronics LIBJPEG 8.0.0
2026-02-26 14:37:15,239 [INFO] ThirdParty:1030 - CMSIS Pack Vendor :STMicroelectronics FP-ATR-ASTRA1 2.0.2
2026-02-26 14:37:15,239 [INFO] ThirdParty:1030 - CMSIS Pack Vendor :STMicroelectronics FP-ATR-SIGFOX1 3.2.0
2026-02-26 14:37:15,239 [INFO] ThirdParty:1030 - CMSIS Pack Vendor :STMicroelectronics X-CUBE-BLE1 7.1.0
2026-02-26 14:37:15,239 [INFO] ThirdParty:1030 - CMSIS Pack Vendor :STMicroelectronics USB_DEVICE 3.0.0
2026-02-26 14:37:15,240 [INFO] ThirdParty:1030 - CMSIS Pack Vendor :STMicroelectronics HAL Drivers 0.0.0
2026-02-26 14:37:15,240 [INFO] ThirdParty:1030 - CMSIS Pack Vendor :STMicroelectronics MBEDTLS 2.16.2
2026-02-26 14:37:15,240 [INFO] ThirdParty:1030 - CMSIS Pack Vendor :STMicroelectronics X-CUBE-ALS 1.0.2
2026-02-26 14:37:15,240 [INFO] ThirdParty:1030 - CMSIS Pack Vendor :STMicroelectronics MBEDTLS 2.14.1
2026-02-26 14:37:15,240 [INFO] ThirdParty:1030 - CMSIS Pack Vendor :STMicroelectronics USB_DEVICE 2.0.0
2026-02-26 14:37:15,240 [INFO] ThirdParty:1030 - CMSIS Pack Vendor :STMicroelectronics ThreadX 1.0.0
2026-02-26 14:37:15,240 [INFO] ThirdParty:1030 - CMSIS Pack Vendor :STMicroelectronics FP-SNS-SMARTAG2 1.2.0
2026-02-26 14:37:15,240 [INFO] ThirdParty:1030 - CMSIS Pack Vendor :STMicroelectronics FP-SNS-FLIGHT1 5.1.0
2026-02-26 14:37:15,240 [INFO] ThirdParty:1030 - CMSIS Pack Vendor :STMicroelectronics FreeRTOS 0.0.1
2026-02-26 14:37:15,240 [INFO] ThirdParty:1030 - CMSIS Pack Vendor :STMicroelectronics USB_DEVICE 1.0.0
2026-02-26 14:37:15,240 [INFO] ThirdParty:1030 - CMSIS Pack Vendor :STMicroelectronics STM32_WPAN 1.0.0
2026-02-26 14:37:15,241 [INFO] ThirdParty:1030 - CMSIS Pack Vendor :STMicroelectronics ThreadX 0.0.2
2026-02-26 14:37:15,241 [INFO] ThirdParty:1030 - CMSIS Pack Vendor :STMicroelectronics lwIP 2.0.3
2026-02-26 14:37:15,241 [INFO] ThirdParty:1030 - CMSIS Pack Vendor :STMicroelectronics lwIP 2.1.2
2026-02-26 14:37:15,241 [INFO] ThirdParty:1030 - CMSIS Pack Vendor :STMicroelectronics X-CUBE-BLE2 3.3.0
2026-02-26 14:37:15,242 [INFO] ThirdParty:1030 - CMSIS Pack Vendor :STMicroelectronics USB_HOST 1.0.0
2026-02-26 14:37:15,242 [INFO] ThirdParty:1030 - CMSIS Pack Vendor :STMicroelectronics PDM2PCM 3.1.0
2026-02-26 14:37:15,243 [INFO] ThirdParty:1030 - CMSIS Pack Vendor :STMicroelectronics PDM2PCM 3.2.0
2026-02-26 14:37:15,245 [INFO] ThirdParty:1030 - CMSIS Pack Vendor :STMicroelectronics PDM2PCM 3.3.0
2026-02-26 14:37:15,245 [INFO] ThirdParty:841 - exiting critical section [change project]
2026-02-26 14:37:15,794 [INFO] PinOutPanel:1589 - setPackage(No Configuration,No Configuration)
2026-02-26 14:37:15,800 [INFO] PinOutPanel:1589 - setPackage(STM32L433RCTxP,LQFP64)
2026-02-26 14:37:16,729 [INFO] UtilMem:75 - Before build in PCC Used Memory: 853168152 Bytes (1073741824)
2026-02-26 14:37:17,485 [INFO] UtilMem:75 - After build in PCC Used Memory: 952256536 Bytes (1073741824)
2026-02-26 14:37:17,550 [INFO] IPUIPlugin:80 - create IPUIPlugin
2026-02-26 14:37:17,551 [INFO] IPUIPlugin:80 - create IPUIPlugin
2026-02-26 14:37:17,551 [INFO] IPUIPlugin:80 - create IPUIPlugin
2026-02-26 14:37:17,552 [INFO] IPUIPlugin:80 - create IPUIPlugin
2026-02-26 14:37:17,552 [INFO] IPUIPlugin:80 - create IPUIPlugin
2026-02-26 14:37:17,552 [INFO] IPUIPlugin:80 - create IPUIPlugin
2026-02-26 14:37:17,552 [INFO] IPUIPlugin:80 - create IPUIPlugin
2026-02-26 14:37:17,552 [INFO] IPUIPlugin:80 - create IPUIPlugin
2026-02-26 14:37:17,552 [INFO] IPUIPlugin:80 - create IPUIPlugin
2026-02-26 14:37:17,553 [INFO] IPUIPlugin:80 - create IPUIPlugin
2026-02-26 14:37:17,554 [INFO] IPUIPlugin:80 - create IPUIPlugin
2026-02-26 14:37:17,554 [INFO] IPUIPlugin:80 - create IPUIPlugin
2026-02-26 14:37:17,554 [INFO] IPUIPlugin:80 - create IPUIPlugin
2026-02-26 14:37:17,555 [INFO] IPUIPlugin:80 - create IPUIPlugin
2026-02-26 14:37:17,555 [INFO] IPUIPlugin:80 - create IPUIPlugin
2026-02-26 14:37:17,555 [INFO] IPUIPlugin:80 - create IPUIPlugin
2026-02-26 14:37:17,555 [INFO] IPUIPlugin:80 - create IPUIPlugin
2026-02-26 14:37:17,555 [INFO] IPUIPlugin:80 - create IPUIPlugin
2026-02-26 14:37:17,555 [INFO] IPUIPlugin:80 - create IPUIPlugin
2026-02-26 14:37:17,556 [INFO] IPUIPlugin:80 - create IPUIPlugin
2026-02-26 14:37:17,557 [INFO] IPUIPlugin:80 - create IPUIPlugin
2026-02-26 14:37:17,557 [INFO] IPUIPlugin:80 - create IPUIPlugin
2026-02-26 14:37:17,557 [INFO] IPUIPlugin:80 - create IPUIPlugin
2026-02-26 14:37:17,558 [INFO] IPUIPlugin:80 - create IPUIPlugin
2026-02-26 14:37:17,560 [INFO] IPUIPlugin:80 - create IPUIPlugin
2026-02-26 14:37:17,562 [INFO] IPUIPlugin:80 - create IPUIPlugin
2026-02-26 14:37:17,566 [INFO] IPUIPlugin:80 - create IPUIPlugin
2026-02-26 14:37:17,568 [INFO] IPUIPlugin:80 - create IPUIPlugin
2026-02-26 14:37:17,569 [INFO] IPUIPlugin:80 - create IPUIPlugin
2026-02-26 14:37:17,569 [INFO] IPUIPlugin:80 - create IPUIPlugin
2026-02-26 14:37:17,569 [INFO] IPUIPlugin:80 - create IPUIPlugin
2026-02-26 14:37:17,569 [INFO] IPUIPlugin:80 - create IPUIPlugin
2026-02-26 14:37:17,569 [INFO] IPUIPlugin:80 - create IPUIPlugin
2026-02-26 14:37:17,569 [INFO] IPUIPlugin:80 - create IPUIPlugin
2026-02-26 14:37:17,569 [INFO] IPUIPlugin:80 - create IPUIPlugin
2026-02-26 14:37:17,569 [INFO] IPUIPlugin:80 - create IPUIPlugin
2026-02-26 14:37:17,569 [INFO] IPUIPlugin:80 - create IPUIPlugin
2026-02-26 14:37:17,569 [INFO] IPUIPlugin:80 - create IPUIPlugin
2026-02-26 14:37:17,570 [INFO] IPUIPlugin:80 - create IPUIPlugin
2026-02-26 14:37:17,570 [INFO] IPUIPlugin:80 - create IPUIPlugin
2026-02-26 14:37:17,570 [INFO] IPUIPlugin:80 - create IPUIPlugin
2026-02-26 14:37:17,570 [INFO] IPUIPlugin:80 - create IPUIPlugin
2026-02-26 14:37:17,570 [INFO] IPUIPlugin:80 - create IPUIPlugin
2026-02-26 14:37:17,570 [INFO] IPUIPlugin:80 - create IPUIPlugin
2026-02-26 14:37:17,571 [INFO] IPUIPlugin:80 - create IPUIPlugin
2026-02-26 14:37:17,671 [INFO] CADModel:165 - CPN selected for project levelSTM32L433RCT6P
2026-02-26 14:37:17,671 [INFO] CADModel:114 - Register for checkConnection events
2026-02-26 14:37:17,712 [INFO] OpenFileManager:386 - Restore cursor
2026-02-26 14:37:17,726 [INFO] ApiDb:581 - Connected to CubeFinder SQLite database (/Users/amanda/.stmcufinder/plugins/mcufinder/mcu/cube-finder-db.db)
2026-02-26 14:38:15,505 [INFO] MainUpdater:2872 - connection check result : 10
2026-02-26 14:38:15,511 [INFO] MainUpdater:2872 - connection check result : 10
2026-02-26 14:38:16,108 [INFO] MicroXplorer:468 - Change Database Path : 
2026-02-26 14:38:16,108 [INFO] MicroXplorer:498 - Change Database Version : DB.6.0.150
2026-02-26 14:38:16,231 [ERROR] ProjectManagerView:395 - 
java.lang.NullPointerException: Cannot invoke "javax.swing.JTextField.getText()" because the return value of "java.util.List.get(int)" is null
	at com.st.microxplorer.plugins.projectmanager.gui.ProjectChoiceTab$9.caretUpdate(ProjectChoiceTab.java:2706) ~[filemanager.jar:?]
	at javax.swing.text.JTextComponent.fireCaretUpdate(JTextComponent.java:408) ~[?:?]
	at javax.swing.text.JTextComponent$MutableCaretEvent.fire(JTextComponent.java:4484) ~[?:?]
	at javax.swing.text.JTextComponent$MutableCaretEvent.stateChanged(JTextComponent.java:4506) ~[?:?]
	at javax.swing.text.DefaultCaret.fireStateChanged(DefaultCaret.java:857) ~[?:?]
	at javax.swing.text.DefaultCaret.changeCaretPosition(DefaultCaret.java:1343) ~[?:?]
	at javax.swing.text.DefaultCaret.handleSetDot(DefaultCaret.java:1242) ~[?:?]
	at javax.swing.text.DefaultCaret.setDot(DefaultCaret.java:1223) ~[?:?]
	at javax.swing.text.DefaultCaret$Handler.insertUpdate(DefaultCaret.java:1819) ~[?:?]
	at javax.swing.text.AbstractDocument.fireInsertUpdate(AbstractDocument.java:227) ~[?:?]
	at javax.swing.text.AbstractDocument.handleInsertString(AbstractDocument.java:781) ~[?:?]
	at javax.swing.text.AbstractDocument.insertString(AbstractDocument.java:740) ~[?:?]
	at javax.swing.text.PlainDocument.insertString(PlainDocument.java:131) ~[?:?]
	at javax.swing.text.AbstractDocument.replace(AbstractDocument.java:699) ~[?:?]
	at javax.swing.text.JTextComponent.setText(JTextComponent.java:1725) ~[?:?]
	at com.st.microxplorer.plugins.projectmanager.gui.ProjectChoiceTab.createHeapStackFields(ProjectChoiceTab.java:993) ~[filemanager.jar:?]
	at com.st.microxplorer.plugins.projectmanager.gui.ProjectChoiceTab.buildLinkSettingsPanel(ProjectChoiceTab.java:3813) ~[filemanager.jar:?]
	at com.st.microxplorer.plugins.projectmanager.gui.ProjectChoiceTab.defineWindowsFields(ProjectChoiceTab.java:1987) ~[filemanager.jar:?]
	at com.st.microxplorer.plugins.projectmanager.gui.ProjectChoiceTab.updateSettings(ProjectChoiceTab.java:558) ~[filemanager.jar:?]
	at com.st.microxplorer.plugins.projectmanager.gui.ProjectSettingsPanel.UpdateDialog(ProjectSettingsPanel.java:247) ~[filemanager.jar:?]
	at com.st.microxplorer.plugins.projectmanager.ProjectManagerView.propertyChange(ProjectManagerView.java:392) ~[filemanager.jar:?]
	at java.beans.PropertyChangeSupport.fire(PropertyChangeSupport.java:343) ~[?:?]
	at java.beans.PropertyChangeSupport.firePropertyChange(PropertyChangeSupport.java:335) ~[?:?]
	at java.beans.PropertyChangeSupport.firePropertyChange(PropertyChangeSupport.java:268) ~[?:?]
	at com.st.microxplorer.util.MXPropertyChangeSupport.firePropertyChange(MXPropertyChangeSupport.java:54) ~[STM32CubeMX.jar:?]
	at com.st.microxplorer.mxsystem.MxSystem.closeConfig(MxSystem.java:899) ~[STM32CubeMX.jar:?]
	at com.st.microxplorer.maingui.MainPanel.closeConfig(MainPanel.java:792) ~[STM32CubeMX.jar:?]
	at com.st.microxplorer.plugins.filemanager.engine.OpenFileManager.loadConfigurationFile(OpenFileManager.java:288) ~[filemanager.jar:?]
	at com.st.microxplorer.plugins.filemanager.engine.MainFileManager.userLoadConfig(MainFileManager.java:364) ~[filemanager.jar:?]
	at com.st.microxplorer.plugins.filemanager.engine.MainFileManager.userLoadConfig(MainFileManager.java:342) ~[filemanager.jar:?]
	at com.st.microxplorer.plugins.filemanager.FileManagerView.getSpecificTask(FileManagerView.java:264) ~[filemanager.jar:?]
	at com.st.stm32cube.common.mx.editor.CubeMxEditor.getMxTabbedPaneInstance(CubeMxEditor.java:1198) ~[com.st.stm32cube.common.mx_6.15.0.202507011659/:?]
	at com.st.stm32cube.common.mx.editor.CubeMxEditor$12$1.createSwingComponent(CubeMxEditor.java:1068) ~[com.st.stm32cube.common.mx_6.15.0.202507011659/:?]
	at com.st.stm32cube.common.mx.oss.core.awtswtbridge.EmbeddedSwingComposite.doComponentCreation(EmbeddedSwingComposite.java:492) ~[com.st.stm32cube.common.mx.oss_6.15.0.202507011659/:?]
	at com.st.stm32cube.common.mx.oss.core.awtswtbridge.EmbeddedSwingComposite$4.run(EmbeddedSwingComposite.java:291) ~[com.st.stm32cube.common.mx.oss_6.15.0.202507011659/:?]
	at com.st.stm32cube.common.mx.oss.core.awtswtbridge.AwtEnvironment$2.run(AwtEnvironment.java:166) ~[com.st.stm32cube.common.mx.oss_6.15.0.202507011659/:?]
	at java.awt.event.InvocationEvent.dispatch(InvocationEvent.java:318) ~[?:?]
	at java.awt.EventQueue.dispatchEventImpl(EventQueue.java:773) ~[?:?]
	at java.awt.EventQueue$4.run(EventQueue.java:720) ~[?:?]
	at java.awt.EventQueue$4.run(EventQueue.java:714) ~[?:?]
	at java.security.AccessController.doPrivileged(AccessController.java:400) ~[?:?]
	at java.security.ProtectionDomain$JavaSecurityAccessImpl.doIntersectionPrivilege(ProtectionDomain.java:87) ~[?:?]
	at java.awt.EventQueue.dispatchEvent(EventQueue.java:742) ~[?:?]
	at java.awt.EventDispatchThread.pumpOneEventForFilters(EventDispatchThread.java:203) ~[?:?]
	at java.awt.EventDispatchThread.pumpEventsForFilter(EventDispatchThread.java:124) ~[?:?]
	at java.awt.EventDispatchThread.pumpEventsForHierarchy(EventDispatchThread.java:113) ~[?:?]
	at java.awt.EventDispatchThread.pumpEvents(EventDispatchThread.java:109) ~[?:?]
	at java.awt.EventDispatchThread.pumpEvents(EventDispatchThread.java:101) ~[?:?]
	at java.awt.EventDispatchThread.run(EventDispatchThread.java:90) ~[?:?]
2026-02-26 14:38:16,235 [WARN] ThirdParty:871 - waiting for thirdparty lock release [close project]
2026-02-26 14:38:16,235 [INFO] ThirdParty:873 - entering critical section [close project]
2026-02-26 14:38:16,235 [INFO] ThirdParty:883 - exiting critical section [close project]
2026-02-26 14:38:16,240 [INFO] PinOutPanel:1589 - setPackage(No Configuration,No Configuration)
2026-02-26 14:38:16,249 [INFO] UtilMem:75 - Begin LoadConfig() Used Memory: 799673264 Bytes (1073741824)
2026-02-26 14:38:16,275 [INFO] MicroXplorer:468 - Change Database Path : /Users/amanda/.stm32cubemx/databases/DB.6.0.140/db/
2026-02-26 14:38:16,275 [INFO] MicroXplorer:498 - Change Database Version : DB.6.0.140
2026-02-26 14:38:17,601 [INFO] OpenFileManager:355 - Change cursor
2026-02-26 14:38:17,644 [INFO] Mcu:2029 - Initializing MCU STM32L433RCTxP STM32L433RCTxP STM32L433RCT6P
2026-02-26 14:38:18,698 [INFO] Context:786 - Trying to add GPIOservice into a context  which must be forbidden
2026-02-26 14:38:19,059 [INFO] ImportTextPane:234 - (OptionalMessage_ERROR) Pin24 (VP_RIF_VS_RIF1) cannot be retrieved for this MCU
2026-02-26 14:38:19,110 [WARN] ModelIntegratedComponent:63 - No mode defined for component null
2026-02-26 14:38:19,111 [WARN] ModelIntegratedComponent:63 - No mode defined for component null
2026-02-26 14:38:19,111 [WARN] ModelIntegratedComponent:63 - No mode defined for component null
2026-02-26 14:38:19,111 [WARN] ModelIntegratedComponent:63 - No mode defined for component null
2026-02-26 14:38:19,111 [WARN] ModelIntegratedComponent:63 - No mode defined for component null
2026-02-26 14:38:19,111 [WARN] ModelIntegratedComponent:63 - No mode defined for component null
2026-02-26 14:38:19,111 [WARN] ModelIntegratedComponent:63 - No mode defined for component null
2026-02-26 14:38:19,111 [WARN] ModelIntegratedComponent:63 - No mode defined for component null
2026-02-26 14:38:19,111 [WARN] ModelIntegratedComponent:63 - No mode defined for component null
2026-02-26 14:38:19,111 [WARN] ModelIntegratedComponent:63 - No mode defined for component null
2026-02-26 14:38:19,111 [WARN] ModelIntegratedComponent:63 - No mode defined for component null
2026-02-26 14:38:19,111 [WARN] ModelIntegratedComponent:63 - No mode defined for component null
2026-02-26 14:38:19,111 [WARN] ModelIntegratedComponent:63 - No mode defined for component null
2026-02-26 14:38:19,111 [WARN] ModelIntegratedComponent:63 - No mode defined for component null
2026-02-26 14:38:19,111 [WARN] ModelIntegratedComponent:63 - No mode defined for component null
2026-02-26 14:38:19,111 [WARN] ModelIntegratedComponent:63 - No mode defined for component null
2026-02-26 14:38:19,111 [WARN] ModelIntegratedComponent:63 - No mode defined for component null
2026-02-26 14:38:19,111 [WARN] ModelIntegratedComponent:63 - No mode defined for component null
2026-02-26 14:38:19,111 [WARN] ModelIntegratedComponent:63 - No mode defined for component null
2026-02-26 14:38:19,111 [WARN] ModelIntegratedComponent:63 - No mode defined for component null
2026-02-26 14:38:19,111 [WARN] ModelIntegratedComponent:63 - No mode defined for component null
2026-02-26 14:38:19,111 [WARN] ModelIntegratedComponent:63 - No mode defined for component null
2026-02-26 14:38:19,111 [WARN] ModelIntegratedComponent:63 - No mode defined for component null
2026-02-26 14:38:19,111 [WARN] ModelIntegratedComponent:63 - No mode defined for component null
2026-02-26 14:38:19,111 [WARN] ModelIntegratedComponent:63 - No mode defined for component null
2026-02-26 14:38:19,111 [WARN] ModelIntegratedComponent:63 - No mode defined for component null
2026-02-26 14:38:19,111 [WARN] ModelIntegratedComponent:63 - No mode defined for component null
2026-02-26 14:38:19,111 [WARN] ModelIntegratedComponent:63 - No mode defined for component null
2026-02-26 14:38:19,111 [WARN] ModelIntegratedComponent:63 - No mode defined for component null
2026-02-26 14:38:19,111 [WARN] ModelIntegratedComponent:63 - No mode defined for component null
2026-02-26 14:38:19,112 [WARN] ModelIntegratedComponent:63 - No mode defined for component null
2026-02-26 14:38:19,112 [WARN] ModelIntegratedComponent:63 - No mode defined for component null
2026-02-26 14:38:19,112 [WARN] ModelIntegratedComponent:63 - No mode defined for component null
2026-02-26 14:38:19,112 [WARN] ModelIntegratedComponent:63 - No mode defined for component null
2026-02-26 14:38:19,112 [WARN] ModelIntegratedComponent:63 - No mode defined for component null
2026-02-26 14:38:19,112 [WARN] ModelPack:524 - Component already loaded: STMicroelectronics:HAL Drivers:0.0.0:STMicroelectronics:Device:STMicro_Driver:XSPI:HAL::0.0.1:HAL_XSPI
2026-02-26 14:38:19,116 [INFO] RtosManager:558 - Registered RTOS mode: class=CMSIS, group=RTOS, mode=CMSIS_V1, owner=FREERTOS
2026-02-26 14:38:19,117 [INFO] RtosManager:558 - Registered RTOS mode: class=CMSIS, group=RTOS2, mode=CMSIS_V2, owner=FREERTOS
2026-02-26 14:38:19,117 [INFO] RtosManager:558 - Registered RTOS mode: class=RTOS, group=Core, mode=CMSIS_V1, owner=FREERTOS
2026-02-26 14:38:19,117 [INFO] RtosManager:558 - Registered RTOS mode: class=RTOS, group=Core, mode=CMSIS_V2, owner=FREERTOS
2026-02-26 14:38:19,117 [WARN] ModelIntegratedComponent:184 - Missing modes for component STMicroelectronics:FreeRTOS:0.0.1:STMicroelectronics:RTOS:FreeRTOS:Core:::10.2.0:
2026-02-26 14:38:19,122 [INFO] ThirdPartyModel:298 - Start build external matchings
2026-02-26 14:38:19,127 [INFO] ThirdPartyModel:316 - End build external matchings
2026-02-26 14:38:19,144 [INFO] ImportTextPane:234 - (OptionalMessage_ERROR) IP (RCC) : Invalid parameter (FamilyName)
2026-02-26 14:38:19,144 [INFO] ImportTextPane:234 - (OptionalMessage_ERROR) IP (RCC) : Invalid parameter (I2C4Freq_Value)
2026-02-26 14:38:19,145 [INFO] ImportTextPane:234 - (OptionalMessage_ERROR) IP (RCC) : Parameter (RNGFreq_Value) has invalid value (64000000)
2026-02-26 14:38:19,145 [INFO] ImportTextPane:234 - (OptionalMessage_ERROR) IP (RCC) : Parameter (SDMMCFreq_Value) has invalid value (64000000)
2026-02-26 14:38:19,145 [INFO] ImportTextPane:234 - (OptionalMessage_ERROR) IP (RCC) : Invalid parameter (UART4Freq_Value)
2026-02-26 14:38:19,145 [INFO] ImportTextPane:234 - (OptionalMessage_ERROR) IP (RCC) : Invalid parameter (UART5Freq_Value)
2026-02-26 14:38:19,145 [INFO] ImportTextPane:234 - (OptionalMessage_ERROR) IP (RCC) : Parameter (USBFreq_Value) has invalid value (64000000)
2026-02-26 14:38:19,145 [INFO] ImportTextPane:234 - (OptionalMessage_ERROR) IP (RCC) : Invalid parameter (VCOSAI2OutputFreq_Value)
2026-02-26 14:38:19,316 [INFO] UtilMem:75 - End LoadConfig() Used Memory: 795731008 Bytes (1073741824)
2026-02-26 14:38:19,418 [WARN] ThirdParty:833 - waiting for thirdparty lock release [change project]
2026-02-26 14:38:19,427 [INFO] ThirdParty:835 - entering critical section [change project]
2026-02-26 14:38:19,428 [INFO] ThirdParty:1030 - CMSIS Pack Vendor :STMicroelectronics USBPD 4.1
2026-02-26 14:38:19,428 [INFO] ThirdParty:1030 - CMSIS Pack Vendor :STMicroelectronics USB_HOST 2.0.0
2026-02-26 14:38:19,428 [INFO] ThirdParty:1030 - CMSIS Pack Vendor :STMicroelectronics LIBJPEG 8.0.0
2026-02-26 14:38:19,428 [INFO] ThirdParty:1030 - CMSIS Pack Vendor :STMicroelectronics FP-ATR-ASTRA1 2.0.2
2026-02-26 14:38:19,428 [INFO] ThirdParty:1030 - CMSIS Pack Vendor :STMicroelectronics FP-ATR-SIGFOX1 3.2.0
2026-02-26 14:38:19,428 [INFO] ThirdParty:1030 - CMSIS Pack Vendor :STMicroelectronics X-CUBE-BLE1 7.1.0
2026-02-26 14:38:19,428 [INFO] ThirdParty:1030 - CMSIS Pack Vendor :STMicroelectronics USB_DEVICE 3.0.0
2026-02-26 14:38:19,428 [INFO] ThirdParty:1030 - CMSIS Pack Vendor :STMicroelectronics HAL Drivers 0.0.0
2026-02-26 14:38:19,428 [INFO] ThirdParty:1030 - CMSIS Pack Vendor :STMicroelectronics MBEDTLS 2.16.2
2026-02-26 14:38:19,428 [INFO] ThirdParty:1030 - CMSIS Pack Vendor :STMicroelectronics X-CUBE-ALS 1.0.2
2026-02-26 14:38:19,428 [INFO] ThirdParty:1030 - CMSIS Pack Vendor :STMicroelectronics MBEDTLS 2.14.1
2026-02-26 14:38:19,428 [INFO] ThirdParty:1030 - CMSIS Pack Vendor :STMicroelectronics USB_DEVICE 2.0.0
2026-02-26 14:38:19,428 [INFO] ThirdParty:1030 - CMSIS Pack Vendor :STMicroelectronics ThreadX 1.0.0
2026-02-26 14:38:19,428 [INFO] ThirdParty:1030 - CMSIS Pack Vendor :STMicroelectronics FP-SNS-SMARTAG2 1.2.0
2026-02-26 14:38:19,428 [INFO] ThirdParty:1030 - CMSIS Pack Vendor :STMicroelectronics FP-SNS-FLIGHT1 5.1.0
2026-02-26 14:38:19,428 [INFO] ThirdParty:1030 - CMSIS Pack Vendor :STMicroelectronics FreeRTOS 0.0.1
2026-02-26 14:38:19,428 [INFO] ThirdParty:1030 - CMSIS Pack Vendor :STMicroelectronics USB_DEVICE 1.0.0
2026-02-26 14:38:19,428 [INFO] ThirdParty:1030 - CMSIS Pack Vendor :STMicroelectronics STM32_WPAN 1.0.0
2026-02-26 14:38:19,428 [INFO] ThirdParty:1030 - CMSIS Pack Vendor :STMicroelectronics ThreadX 0.0.2
2026-02-26 14:38:19,428 [INFO] ThirdParty:1030 - CMSIS Pack Vendor :STMicroelectronics lwIP 2.0.3
2026-02-26 14:38:19,428 [INFO] ThirdParty:1030 - CMSIS Pack Vendor :STMicroelectronics lwIP 2.1.2
2026-02-26 14:38:19,428 [INFO] ThirdParty:1030 - CMSIS Pack Vendor :STMicroelectronics X-CUBE-BLE2 3.3.0
2026-02-26 14:38:19,428 [INFO] ThirdParty:1030 - CMSIS Pack Vendor :STMicroelectronics USB_HOST 1.0.0
2026-02-26 14:38:19,428 [INFO] ThirdParty:1030 - CMSIS Pack Vendor :STMicroelectronics PDM2PCM 3.1.0
2026-02-26 14:38:19,428 [INFO] ThirdParty:1030 - CMSIS Pack Vendor :STMicroelectronics PDM2PCM 3.2.0
2026-02-26 14:38:19,428 [INFO] ThirdParty:1030 - CMSIS Pack Vendor :STMicroelectronics PDM2PCM 3.3.0
2026-02-26 14:38:19,428 [INFO] ThirdParty:841 - exiting critical section [change project]
2026-02-26 14:38:19,854 [INFO] PinOutPanel:1589 - setPackage(No Configuration,No Configuration)
2026-02-26 14:38:19,857 [INFO] PinOutPanel:1589 - setPackage(STM32L433RCTxP,LQFP64)
2026-02-26 14:38:20,668 [INFO] UtilMem:75 - Before build in PCC Used Memory: 842218960 Bytes (1073741824)
2026-02-26 14:38:21,177 [INFO] UtilMem:75 - After build in PCC Used Memory: 936590800 Bytes (1073741824)
2026-02-26 14:38:21,221 [INFO] IPUIPlugin:80 - create IPUIPlugin
2026-02-26 14:38:21,222 [INFO] IPUIPlugin:80 - create IPUIPlugin
2026-02-26 14:38:21,222 [INFO] IPUIPlugin:80 - create IPUIPlugin
2026-02-26 14:38:21,222 [INFO] IPUIPlugin:80 - create IPUIPlugin
2026-02-26 14:38:21,222 [INFO] IPUIPlugin:80 - create IPUIPlugin
2026-02-26 14:38:21,222 [INFO] IPUIPlugin:80 - create IPUIPlugin
2026-02-26 14:38:21,222 [INFO] IPUIPlugin:80 - create IPUIPlugin
2026-02-26 14:38:21,222 [INFO] IPUIPlugin:80 - create IPUIPlugin
2026-02-26 14:38:21,223 [INFO] IPUIPlugin:80 - create IPUIPlugin
2026-02-26 14:38:21,223 [INFO] IPUIPlugin:80 - create IPUIPlugin
2026-02-26 14:38:21,223 [INFO] IPUIPlugin:80 - create IPUIPlugin
2026-02-26 14:38:21,223 [INFO] IPUIPlugin:80 - create IPUIPlugin
2026-02-26 14:38:21,223 [INFO] IPUIPlugin:80 - create IPUIPlugin
2026-02-26 14:38:21,223 [INFO] IPUIPlugin:80 - create IPUIPlugin
2026-02-26 14:38:21,223 [INFO] IPUIPlugin:80 - create IPUIPlugin
2026-02-26 14:38:21,223 [INFO] IPUIPlugin:80 - create IPUIPlugin
2026-02-26 14:38:21,223 [INFO] IPUIPlugin:80 - create IPUIPlugin
2026-02-26 14:38:21,224 [INFO] IPUIPlugin:80 - create IPUIPlugin
2026-02-26 14:38:21,224 [INFO] IPUIPlugin:80 - create IPUIPlugin
2026-02-26 14:38:21,224 [INFO] IPUIPlugin:80 - create IPUIPlugin
2026-02-26 14:38:21,224 [INFO] IPUIPlugin:80 - create IPUIPlugin
2026-02-26 14:38:21,225 [INFO] IPUIPlugin:80 - create IPUIPlugin
2026-02-26 14:38:21,225 [INFO] IPUIPlugin:80 - create IPUIPlugin
2026-02-26 14:38:21,225 [INFO] IPUIPlugin:80 - create IPUIPlugin
2026-02-26 14:38:21,225 [INFO] IPUIPlugin:80 - create IPUIPlugin
2026-02-26 14:38:21,225 [INFO] IPUIPlugin:80 - create IPUIPlugin
2026-02-26 14:38:21,225 [INFO] IPUIPlugin:80 - create IPUIPlugin
2026-02-26 14:38:21,225 [INFO] IPUIPlugin:80 - create IPUIPlugin
2026-02-26 14:38:21,225 [INFO] IPUIPlugin:80 - create IPUIPlugin
2026-02-26 14:38:21,225 [INFO] IPUIPlugin:80 - create IPUIPlugin
2026-02-26 14:38:21,226 [INFO] IPUIPlugin:80 - create IPUIPlugin
2026-02-26 14:38:21,226 [INFO] IPUIPlugin:80 - create IPUIPlugin
2026-02-26 14:38:21,226 [INFO] IPUIPlugin:80 - create IPUIPlugin
2026-02-26 14:38:21,226 [INFO] IPUIPlugin:80 - create IPUIPlugin
2026-02-26 14:38:21,226 [INFO] IPUIPlugin:80 - create IPUIPlugin
2026-02-26 14:38:21,226 [INFO] IPUIPlugin:80 - create IPUIPlugin
2026-02-26 14:38:21,226 [INFO] IPUIPlugin:80 - create IPUIPlugin
2026-02-26 14:38:21,226 [INFO] IPUIPlugin:80 - create IPUIPlugin
2026-02-26 14:38:21,226 [INFO] IPUIPlugin:80 - create IPUIPlugin
2026-02-26 14:38:21,226 [INFO] IPUIPlugin:80 - create IPUIPlugin
2026-02-26 14:38:21,226 [INFO] IPUIPlugin:80 - create IPUIPlugin
2026-02-26 14:38:21,226 [INFO] IPUIPlugin:80 - create IPUIPlugin
2026-02-26 14:38:21,226 [INFO] IPUIPlugin:80 - create IPUIPlugin
2026-02-26 14:38:21,226 [INFO] IPUIPlugin:80 - create IPUIPlugin
2026-02-26 14:38:21,227 [INFO] IPUIPlugin:80 - create IPUIPlugin
2026-02-26 14:38:21,300 [INFO] CADModel:165 - CPN selected for project levelSTM32L433RCT6P
2026-02-26 14:38:21,300 [INFO] CADModel:114 - Register for checkConnection events
2026-02-26 14:38:21,349 [INFO] OpenFileManager:386 - Restore cursor
2026-02-26 15:07:33,635 [INFO] MainUpdater:2872 - connection check result : 10
2026-02-26 15:07:33,642 [INFO] MainUpdater:2872 - connection check result : 10
2026-02-26 15:07:34,204 [INFO] MicroXplorer:468 - Change Database Path : 
2026-02-26 15:07:34,204 [INFO] MicroXplorer:498 - Change Database Version : DB.6.0.150
2026-02-26 15:07:34,322 [ERROR] ProjectManagerView:395 - 
java.lang.NullPointerException: Cannot invoke "javax.swing.JTextField.getText()" because the return value of "java.util.List.get(int)" is null
	at com.st.microxplorer.plugins.projectmanager.gui.ProjectChoiceTab$9.caretUpdate(ProjectChoiceTab.java:2706) ~[filemanager.jar:?]
	at javax.swing.text.JTextComponent.fireCaretUpdate(JTextComponent.java:408) ~[?:?]
	at javax.swing.text.JTextComponent$MutableCaretEvent.fire(JTextComponent.java:4484) ~[?:?]
	at javax.swing.text.JTextComponent$MutableCaretEvent.stateChanged(JTextComponent.java:4506) ~[?:?]
	at javax.swing.text.DefaultCaret.fireStateChanged(DefaultCaret.java:857) ~[?:?]
	at javax.swing.text.DefaultCaret.changeCaretPosition(DefaultCaret.java:1343) ~[?:?]
	at javax.swing.text.DefaultCaret.handleSetDot(DefaultCaret.java:1242) ~[?:?]
	at javax.swing.text.DefaultCaret.setDot(DefaultCaret.java:1223) ~[?:?]
	at javax.swing.text.DefaultCaret$Handler.insertUpdate(DefaultCaret.java:1819) ~[?:?]
	at javax.swing.text.AbstractDocument.fireInsertUpdate(AbstractDocument.java:227) ~[?:?]
	at javax.swing.text.AbstractDocument.handleInsertString(AbstractDocument.java:781) ~[?:?]
	at javax.swing.text.AbstractDocument.insertString(AbstractDocument.java:740) ~[?:?]
	at javax.swing.text.PlainDocument.insertString(PlainDocument.java:131) ~[?:?]
	at javax.swing.text.AbstractDocument.replace(AbstractDocument.java:699) ~[?:?]
	at javax.swing.text.JTextComponent.setText(JTextComponent.java:1725) ~[?:?]
	at com.st.microxplorer.plugins.projectmanager.gui.ProjectChoiceTab.createHeapStackFields(ProjectChoiceTab.java:993) ~[filemanager.jar:?]
	at com.st.microxplorer.plugins.projectmanager.gui.ProjectChoiceTab.buildLinkSettingsPanel(ProjectChoiceTab.java:3813) ~[filemanager.jar:?]
	at com.st.microxplorer.plugins.projectmanager.gui.ProjectChoiceTab.defineWindowsFields(ProjectChoiceTab.java:1987) ~[filemanager.jar:?]
	at com.st.microxplorer.plugins.projectmanager.gui.ProjectChoiceTab.updateSettings(ProjectChoiceTab.java:558) ~[filemanager.jar:?]
	at com.st.microxplorer.plugins.projectmanager.gui.ProjectSettingsPanel.UpdateDialog(ProjectSettingsPanel.java:247) ~[filemanager.jar:?]
	at com.st.microxplorer.plugins.projectmanager.ProjectManagerView.propertyChange(ProjectManagerView.java:392) ~[filemanager.jar:?]
	at java.beans.PropertyChangeSupport.fire(PropertyChangeSupport.java:343) ~[?:?]
	at java.beans.PropertyChangeSupport.firePropertyChange(PropertyChangeSupport.java:335) ~[?:?]
	at java.beans.PropertyChangeSupport.firePropertyChange(PropertyChangeSupport.java:268) ~[?:?]
	at com.st.microxplorer.util.MXPropertyChangeSupport.firePropertyChange(MXPropertyChangeSupport.java:54) ~[STM32CubeMX.jar:?]
	at com.st.microxplorer.mxsystem.MxSystem.closeConfig(MxSystem.java:899) ~[STM32CubeMX.jar:?]
	at com.st.microxplorer.maingui.MainPanel.closeConfig(MainPanel.java:792) ~[STM32CubeMX.jar:?]
	at com.st.microxplorer.plugins.filemanager.engine.OpenFileManager.loadConfigurationFile(OpenFileManager.java:288) ~[filemanager.jar:?]
	at com.st.microxplorer.plugins.filemanager.engine.MainFileManager.userLoadConfig(MainFileManager.java:364) ~[filemanager.jar:?]
	at com.st.microxplorer.plugins.filemanager.engine.MainFileManager.userLoadConfig(MainFileManager.java:342) ~[filemanager.jar:?]
	at com.st.microxplorer.plugins.filemanager.FileManagerView.getSpecificTask(FileManagerView.java:264) ~[filemanager.jar:?]
	at com.st.stm32cube.common.mx.editor.CubeMxEditor.getMxTabbedPaneInstance(CubeMxEditor.java:1198) ~[com.st.stm32cube.common.mx_6.15.0.202507011659/:?]
	at com.st.stm32cube.common.mx.editor.CubeMxEditor$12$1.createSwingComponent(CubeMxEditor.java:1068) ~[com.st.stm32cube.common.mx_6.15.0.202507011659/:?]
	at com.st.stm32cube.common.mx.oss.core.awtswtbridge.EmbeddedSwingComposite.doComponentCreation(EmbeddedSwingComposite.java:492) ~[com.st.stm32cube.common.mx.oss_6.15.0.202507011659/:?]
	at com.st.stm32cube.common.mx.oss.core.awtswtbridge.EmbeddedSwingComposite$4.run(EmbeddedSwingComposite.java:291) ~[com.st.stm32cube.common.mx.oss_6.15.0.202507011659/:?]
	at com.st.stm32cube.common.mx.oss.core.awtswtbridge.AwtEnvironment$2.run(AwtEnvironment.java:166) ~[com.st.stm32cube.common.mx.oss_6.15.0.202507011659/:?]
	at java.awt.event.InvocationEvent.dispatch(InvocationEvent.java:318) ~[?:?]
	at java.awt.EventQueue.dispatchEventImpl(EventQueue.java:773) ~[?:?]
	at java.awt.EventQueue$4.run(EventQueue.java:720) ~[?:?]
	at java.awt.EventQueue$4.run(EventQueue.java:714) ~[?:?]
	at java.security.AccessController.doPrivileged(AccessController.java:400) ~[?:?]
	at java.security.ProtectionDomain$JavaSecurityAccessImpl.doIntersectionPrivilege(ProtectionDomain.java:87) ~[?:?]
	at java.awt.EventQueue.dispatchEvent(EventQueue.java:742) ~[?:?]
	at java.awt.EventDispatchThread.pumpOneEventForFilters(EventDispatchThread.java:203) ~[?:?]
	at java.awt.EventDispatchThread.pumpEventsForFilter(EventDispatchThread.java:124) ~[?:?]
	at java.awt.EventDispatchThread.pumpEventsForHierarchy(EventDispatchThread.java:113) ~[?:?]
	at java.awt.EventDispatchThread.pumpEvents(EventDispatchThread.java:109) ~[?:?]
	at java.awt.EventDispatchThread.pumpEvents(EventDispatchThread.java:101) ~[?:?]
	at java.awt.EventDispatchThread.run(EventDispatchThread.java:90) ~[?:?]
2026-02-26 15:07:34,324 [WARN] ThirdParty:871 - waiting for thirdparty lock release [close project]
2026-02-26 15:07:34,324 [INFO] ThirdParty:873 - entering critical section [close project]
2026-02-26 15:07:34,324 [INFO] ThirdParty:883 - exiting critical section [close project]
2026-02-26 15:07:34,331 [INFO] PinOutPanel:1589 - setPackage(No Configuration,No Configuration)
2026-02-26 15:07:34,342 [INFO] UtilMem:75 - Begin LoadConfig() Used Memory: 771812120 Bytes (1073741824)
2026-02-26 15:07:34,343 [INFO] MicroXplorer:468 - Change Database Path : 
2026-02-26 15:07:34,343 [INFO] MicroXplorer:498 - Change Database Version : DB.6.0.150
2026-02-26 15:07:34,343 [INFO] OpenFileManager:355 - Change cursor
2026-02-26 15:07:34,386 [INFO] Mcu:2029 - Initializing MCU STM32L433RCTxP STM32L433RCTxP STM32L433RCT6P
2026-02-26 15:07:34,947 [INFO] Context:786 - Trying to add GPIOservice into a context  which must be forbidden
2026-02-26 15:07:35,524 [INFO] ImportTextPane:234 - (OptionalMessage_ERROR) Pin20 (VP_RIF_VS_RIF1) cannot be retrieved for this MCU
2026-02-26 15:07:35,577 [WARN] ModelIntegratedComponent:63 - No mode defined for component null
2026-02-26 15:07:35,579 [WARN] ModelIntegratedComponent:63 - No mode defined for component null
2026-02-26 15:07:35,579 [WARN] ModelIntegratedComponent:63 - No mode defined for component null
2026-02-26 15:07:35,579 [WARN] ModelIntegratedComponent:63 - No mode defined for component null
2026-02-26 15:07:35,579 [WARN] ModelIntegratedComponent:63 - No mode defined for component null
2026-02-26 15:07:35,579 [WARN] ModelIntegratedComponent:63 - No mode defined for component null
2026-02-26 15:07:35,579 [WARN] ModelIntegratedComponent:63 - No mode defined for component null
2026-02-26 15:07:35,579 [WARN] ModelIntegratedComponent:63 - No mode defined for component null
2026-02-26 15:07:35,579 [WARN] ModelIntegratedComponent:63 - No mode defined for component null
2026-02-26 15:07:35,579 [WARN] ModelIntegratedComponent:63 - No mode defined for component null
2026-02-26 15:07:35,579 [WARN] ModelIntegratedComponent:63 - No mode defined for component null
2026-02-26 15:07:35,579 [WARN] ModelIntegratedComponent:63 - No mode defined for component null
2026-02-26 15:07:35,579 [WARN] ModelIntegratedComponent:63 - No mode defined for component null
2026-02-26 15:07:35,579 [WARN] ModelIntegratedComponent:63 - No mode defined for component null
2026-02-26 15:07:35,579 [WARN] ModelIntegratedComponent:63 - No mode defined for component null
2026-02-26 15:07:35,579 [WARN] ModelIntegratedComponent:63 - No mode defined for component null
2026-02-26 15:07:35,579 [WARN] ModelIntegratedComponent:63 - No mode defined for component null
2026-02-26 15:07:35,579 [WARN] ModelIntegratedComponent:63 - No mode defined for component null
2026-02-26 15:07:35,579 [WARN] ModelIntegratedComponent:63 - No mode defined for component null
2026-02-26 15:07:35,579 [WARN] ModelIntegratedComponent:63 - No mode defined for component null
2026-02-26 15:07:35,579 [WARN] ModelIntegratedComponent:63 - No mode defined for component null
2026-02-26 15:07:35,579 [WARN] ModelIntegratedComponent:63 - No mode defined for component null
2026-02-26 15:07:35,579 [WARN] ModelIntegratedComponent:63 - No mode defined for component null
2026-02-26 15:07:35,579 [WARN] ModelIntegratedComponent:63 - No mode defined for component null
2026-02-26 15:07:35,579 [WARN] ModelIntegratedComponent:63 - No mode defined for component null
2026-02-26 15:07:35,579 [WARN] ModelIntegratedComponent:63 - No mode defined for component null
2026-02-26 15:07:35,579 [WARN] ModelIntegratedComponent:63 - No mode defined for component null
2026-02-26 15:07:35,579 [WARN] ModelIntegratedComponent:63 - No mode defined for component null
2026-02-26 15:07:35,580 [WARN] ModelIntegratedComponent:63 - No mode defined for component null
2026-02-26 15:07:35,580 [WARN] ModelIntegratedComponent:63 - No mode defined for component null
2026-02-26 15:07:35,580 [WARN] ModelIntegratedComponent:63 - No mode defined for component null
2026-02-26 15:07:35,580 [WARN] ModelIntegratedComponent:63 - No mode defined for component null
2026-02-26 15:07:35,580 [WARN] ModelIntegratedComponent:63 - No mode defined for component null
2026-02-26 15:07:35,580 [WARN] ModelIntegratedComponent:63 - No mode defined for component null
2026-02-26 15:07:35,580 [WARN] ModelIntegratedComponent:63 - No mode defined for component null
2026-02-26 15:07:35,580 [WARN] ModelPack:524 - Component already loaded: STMicroelectronics:HAL Drivers:0.0.0:STMicroelectronics:Device:STMicro_Driver:XSPI:HAL::0.0.1:HAL_XSPI
2026-02-26 15:07:35,582 [INFO] RtosManager:558 - Registered RTOS mode: class=CMSIS, group=RTOS, mode=CMSIS_V1, owner=FREERTOS
2026-02-26 15:07:35,582 [INFO] RtosManager:558 - Registered RTOS mode: class=CMSIS, group=RTOS2, mode=CMSIS_V2, owner=FREERTOS
2026-02-26 15:07:35,582 [INFO] RtosManager:558 - Registered RTOS mode: class=RTOS, group=Core, mode=CMSIS_V1, owner=FREERTOS
2026-02-26 15:07:35,582 [INFO] RtosManager:558 - Registered RTOS mode: class=RTOS, group=Core, mode=CMSIS_V2, owner=FREERTOS
2026-02-26 15:07:35,582 [WARN] ModelIntegratedComponent:184 - Missing modes for component STMicroelectronics:FreeRTOS:0.0.1:STMicroelectronics:RTOS:FreeRTOS:Core:::10.2.0:
2026-02-26 15:07:35,585 [INFO] ThirdPartyModel:298 - Start build external matchings
2026-02-26 15:07:35,588 [INFO] ThirdPartyModel:316 - End build external matchings
2026-02-26 15:07:35,598 [INFO] ImportTextPane:234 - (OptionalMessage_ERROR) IP (ADC1) : Parameter (CommonPathInternal) has invalid value (null|null|null|null)
2026-02-26 15:07:35,602 [INFO] ImportTextPane:234 - (OptionalMessage_ERROR) IP (RCC) : Invalid parameter (FamilyName)
2026-02-26 15:07:35,602 [INFO] ImportTextPane:234 - (OptionalMessage_ERROR) IP (RCC) : Invalid parameter (I2C4Freq_Value)
2026-02-26 15:07:35,604 [INFO] ImportTextPane:234 - (OptionalMessage_ERROR) IP (RCC) : Parameter (RNGFreq_Value) has invalid value (64000000)
2026-02-26 15:07:35,604 [INFO] ImportTextPane:234 - (OptionalMessage_ERROR) IP (RCC) : Parameter (SDMMCFreq_Value) has invalid value (64000000)
2026-02-26 15:07:35,604 [INFO] ImportTextPane:234 - (OptionalMessage_ERROR) IP (RCC) : Invalid parameter (UART4Freq_Value)
2026-02-26 15:07:35,604 [INFO] ImportTextPane:234 - (OptionalMessage_ERROR) IP (RCC) : Invalid parameter (UART5Freq_Value)
2026-02-26 15:07:35,604 [INFO] ImportTextPane:234 - (OptionalMessage_ERROR) IP (RCC) : Parameter (USBFreq_Value) has invalid value (64000000)
2026-02-26 15:07:35,604 [INFO] ImportTextPane:234 - (OptionalMessage_ERROR) IP (RCC) : Invalid parameter (VCOSAI2OutputFreq_Value)
2026-02-26 15:07:35,769 [INFO] UtilMem:75 - End LoadConfig() Used Memory: 847155904 Bytes (1073741824)
2026-02-26 15:07:35,920 [WARN] ThirdParty:833 - waiting for thirdparty lock release [change project]
2026-02-26 15:07:35,929 [INFO] ThirdParty:835 - entering critical section [change project]
2026-02-26 15:07:35,930 [INFO] ThirdParty:1030 - CMSIS Pack Vendor :STMicroelectronics USBPD 4.1
2026-02-26 15:07:35,930 [INFO] ThirdParty:1030 - CMSIS Pack Vendor :STMicroelectronics USB_HOST 2.0.0
2026-02-26 15:07:35,930 [INFO] ThirdParty:1030 - CMSIS Pack Vendor :STMicroelectronics LIBJPEG 8.0.0
2026-02-26 15:07:35,930 [INFO] ThirdParty:1030 - CMSIS Pack Vendor :STMicroelectronics FP-ATR-ASTRA1 2.0.2
2026-02-26 15:07:35,930 [INFO] ThirdParty:1030 - CMSIS Pack Vendor :STMicroelectronics FP-ATR-SIGFOX1 3.2.0
2026-02-26 15:07:35,930 [INFO] ThirdParty:1030 - CMSIS Pack Vendor :STMicroelectronics X-CUBE-BLE1 7.1.0
2026-02-26 15:07:35,930 [INFO] ThirdParty:1030 - CMSIS Pack Vendor :STMicroelectronics USB_DEVICE 3.0.0
2026-02-26 15:07:35,930 [INFO] ThirdParty:1030 - CMSIS Pack Vendor :STMicroelectronics HAL Drivers 0.0.0
2026-02-26 15:07:35,930 [INFO] ThirdParty:1030 - CMSIS Pack Vendor :STMicroelectronics MBEDTLS 2.16.2
2026-02-26 15:07:35,930 [INFO] ThirdParty:1030 - CMSIS Pack Vendor :STMicroelectronics X-CUBE-ALS 1.0.2
2026-02-26 15:07:35,930 [INFO] ThirdParty:1030 - CMSIS Pack Vendor :STMicroelectronics MBEDTLS 2.14.1
2026-02-26 15:07:35,930 [INFO] ThirdParty:1030 - CMSIS Pack Vendor :STMicroelectronics USB_DEVICE 2.0.0
2026-02-26 15:07:35,930 [INFO] ThirdParty:1030 - CMSIS Pack Vendor :STMicroelectronics ThreadX 1.0.0
2026-02-26 15:07:35,930 [INFO] ThirdParty:1030 - CMSIS Pack Vendor :STMicroelectronics FP-SNS-SMARTAG2 1.2.0
2026-02-26 15:07:35,930 [INFO] ThirdParty:1030 - CMSIS Pack Vendor :STMicroelectronics FP-SNS-FLIGHT1 5.1.0
2026-02-26 15:07:35,930 [INFO] ThirdParty:1030 - CMSIS Pack Vendor :STMicroelectronics FreeRTOS 0.0.1
2026-02-26 15:07:35,930 [INFO] ThirdParty:1030 - CMSIS Pack Vendor :STMicroelectronics USB_DEVICE 1.0.0
2026-02-26 15:07:35,930 [INFO] ThirdParty:1030 - CMSIS Pack Vendor :STMicroelectronics STM32_WPAN 1.0.0
2026-02-26 15:07:35,930 [INFO] ThirdParty:1030 - CMSIS Pack Vendor :STMicroelectronics ThreadX 0.0.2
2026-02-26 15:07:35,930 [INFO] ThirdParty:1030 - CMSIS Pack Vendor :STMicroelectronics lwIP 2.0.3
2026-02-26 15:07:35,930 [INFO] ThirdParty:1030 - CMSIS Pack Vendor :STMicroelectronics lwIP 2.1.2
2026-02-26 15:07:35,930 [INFO] ThirdParty:1030 - CMSIS Pack Vendor :STMicroelectronics X-CUBE-BLE2 3.3.0
2026-02-26 15:07:35,930 [INFO] ThirdParty:1030 - CMSIS Pack Vendor :STMicroelectronics USB_HOST 1.0.0
2026-02-26 15:07:35,930 [INFO] ThirdParty:1030 - CMSIS Pack Vendor :STMicroelectronics PDM2PCM 3.1.0
2026-02-26 15:07:35,930 [INFO] ThirdParty:1030 - CMSIS Pack Vendor :STMicroelectronics PDM2PCM 3.2.0
2026-02-26 15:07:35,930 [INFO] ThirdParty:1030 - CMSIS Pack Vendor :STMicroelectronics PDM2PCM 3.3.0
2026-02-26 15:07:35,931 [INFO] ThirdParty:841 - exiting critical section [change project]
2026-02-26 15:07:36,309 [INFO] PinOutPanel:1589 - setPackage(No Configuration,No Configuration)
2026-02-26 15:07:36,312 [INFO] PinOutPanel:1589 - setPackage(STM32L433RCTxP,LQFP64)
2026-02-26 15:07:36,629 [INFO] UtilMem:75 - Before build in PCC Used Memory: 811213776 Bytes (1073741824)
2026-02-26 15:07:36,910 [INFO] UtilMem:75 - After build in PCC Used Memory: 906107856 Bytes (1073741824)
2026-02-26 15:07:36,934 [INFO] IPUIPlugin:80 - create IPUIPlugin
2026-02-26 15:07:36,934 [INFO] IPUIPlugin:80 - create IPUIPlugin
2026-02-26 15:07:36,934 [INFO] IPUIPlugin:80 - create IPUIPlugin
2026-02-26 15:07:36,935 [INFO] IPUIPlugin:80 - create IPUIPlugin
2026-02-26 15:07:36,935 [INFO] IPUIPlugin:80 - create IPUIPlugin
2026-02-26 15:07:36,935 [INFO] IPUIPlugin:80 - create IPUIPlugin
2026-02-26 15:07:36,935 [INFO] IPUIPlugin:80 - create IPUIPlugin
2026-02-26 15:07:36,935 [INFO] IPUIPlugin:80 - create IPUIPlugin
2026-02-26 15:07:36,935 [INFO] IPUIPlugin:80 - create IPUIPlugin
2026-02-26 15:07:36,935 [INFO] IPUIPlugin:80 - create IPUIPlugin
2026-02-26 15:07:36,935 [INFO] IPUIPlugin:80 - create IPUIPlugin
2026-02-26 15:07:36,935 [INFO] IPUIPlugin:80 - create IPUIPlugin
2026-02-26 15:07:36,935 [INFO] IPUIPlugin:80 - create IPUIPlugin
2026-02-26 15:07:36,935 [INFO] IPUIPlugin:80 - create IPUIPlugin
2026-02-26 15:07:36,935 [INFO] IPUIPlugin:80 - create IPUIPlugin
2026-02-26 15:07:36,935 [INFO] IPUIPlugin:80 - create IPUIPlugin
2026-02-26 15:07:36,936 [INFO] IPUIPlugin:80 - create IPUIPlugin
2026-02-26 15:07:36,936 [INFO] IPUIPlugin:80 - create IPUIPlugin
2026-02-26 15:07:36,936 [INFO] IPUIPlugin:80 - create IPUIPlugin
2026-02-26 15:07:36,936 [INFO] IPUIPlugin:80 - create IPUIPlugin
2026-02-26 15:07:36,936 [INFO] IPUIPlugin:80 - create IPUIPlugin
2026-02-26 15:07:36,936 [INFO] IPUIPlugin:80 - create IPUIPlugin
2026-02-26 15:07:36,936 [INFO] IPUIPlugin:80 - create IPUIPlugin
2026-02-26 15:07:36,936 [INFO] IPUIPlugin:80 - create IPUIPlugin
2026-02-26 15:07:36,936 [INFO] IPUIPlugin:80 - create IPUIPlugin
2026-02-26 15:07:36,936 [INFO] IPUIPlugin:80 - create IPUIPlugin
2026-02-26 15:07:36,936 [INFO] IPUIPlugin:80 - create IPUIPlugin
2026-02-26 15:07:36,936 [INFO] IPUIPlugin:80 - create IPUIPlugin
2026-02-26 15:07:36,936 [INFO] IPUIPlugin:80 - create IPUIPlugin
2026-02-26 15:07:36,936 [INFO] IPUIPlugin:80 - create IPUIPlugin
2026-02-26 15:07:36,937 [INFO] IPUIPlugin:80 - create IPUIPlugin
2026-02-26 15:07:36,937 [INFO] IPUIPlugin:80 - create IPUIPlugin
2026-02-26 15:07:36,937 [INFO] IPUIPlugin:80 - create IPUIPlugin
2026-02-26 15:07:36,937 [INFO] IPUIPlugin:80 - create IPUIPlugin
2026-02-26 15:07:36,937 [INFO] IPUIPlugin:80 - create IPUIPlugin
2026-02-26 15:07:36,937 [INFO] IPUIPlugin:80 - create IPUIPlugin
2026-02-26 15:07:36,937 [INFO] IPUIPlugin:80 - create IPUIPlugin
2026-02-26 15:07:36,937 [INFO] IPUIPlugin:80 - create IPUIPlugin
2026-02-26 15:07:36,937 [INFO] IPUIPlugin:80 - create IPUIPlugin
2026-02-26 15:07:36,937 [INFO] IPUIPlugin:80 - create IPUIPlugin
2026-02-26 15:07:36,937 [INFO] IPUIPlugin:80 - create IPUIPlugin
2026-02-26 15:07:36,938 [INFO] IPUIPlugin:80 - create IPUIPlugin
2026-02-26 15:07:36,938 [INFO] IPUIPlugin:80 - create IPUIPlugin
2026-02-26 15:07:36,938 [INFO] IPUIPlugin:80 - create IPUIPlugin
2026-02-26 15:07:36,938 [INFO] IPUIPlugin:80 - create IPUIPlugin
2026-02-26 15:07:36,994 [INFO] CADModel:165 - CPN selected for project levelSTM32L433RCT6P
2026-02-26 15:07:36,994 [INFO] CADModel:114 - Register for checkConnection events
2026-02-26 15:07:37,036 [INFO] OpenFileManager:386 - Restore cursor
2026-02-26 15:12:31,363 [INFO] UtilMem:75 - End SaveConfig() Used Memory: 802200248 Bytes (1073741824)
2026-02-26 15:12:32,684 [INFO] BlockDiagram:2775 - set Specific Code input for plugin: NVIC
2026-02-26 15:12:32,695 [INFO] BlockDiagram:2775 - set Specific Code input for plugin: USART
2026-02-26 15:12:32,697 [INFO] BlockDiagram:2775 - set Specific Code input for plugin: TIM1_8L4
2026-02-26 15:12:32,697 [INFO] BlockDiagram:2775 - set Specific Code input for plugin: SYS
2026-02-26 15:12:32,698 [INFO] BlockDiagram:2775 - set Specific Code input for plugin: GPIO
2026-02-26 15:12:32,698 [INFO] BlockDiagram:2775 - set Specific Code input for plugin: ADC
2026-02-26 15:12:32,698 [INFO] BlockDiagram:2775 - set Specific Code input for plugin: RCC
2026-02-26 15:12:32,700 [INFO] CodeGenerator:892 - code generatio: config db path: /Applications/STM32CubeIDE.app/Contents/Eclipse/plugins/com.st.stm32cube.common.mx_6.15.0.202507011659//db/
2026-02-26 15:12:32,876 [INFO] CodeEngine:265 - oldGeneratedFile, /Users/amanda/Documents/GitHub/Elektriska-gr/Labb6/MXTmpFiles/license.tmp_save
2026-02-26 15:12:33,163 [INFO] CodeEngine:289 - Generated code: /Users/amanda/Documents/GitHub/Elektriska-gr/Labb6/MXTmpFiles/license.tmp
2026-02-26 15:12:33,243 [INFO] CodeEngine:265 - oldGeneratedFile, /Users/amanda/Documents/GitHub/Elektriska-gr/Labb6/MXTmpFiles/gpio.tmp_save
2026-02-26 15:12:33,386 [INFO] CodeEngine:289 - Generated code: /Users/amanda/Documents/GitHub/Elektriska-gr/Labb6/MXTmpFiles/gpio.tmp
2026-02-26 15:12:33,594 [INFO] CodeEngine:265 - oldGeneratedFile, /Users/amanda/Documents/GitHub/Elektriska-gr/Labb6/Core/Src/stm32l4xx_it.c_save
2026-02-26 15:12:33,788 [INFO] CodeEngine:289 - Generated code: /Users/amanda/Documents/GitHub/Elektriska-gr/Labb6/Core/Src/stm32l4xx_it.c
2026-02-26 15:12:33,794 [INFO] CodeEngine:265 - oldGeneratedFile, /Users/amanda/Documents/GitHub/Elektriska-gr/Labb6/Core/Inc/stm32l4xx_it.h_save
2026-02-26 15:12:33,873 [INFO] CodeEngine:289 - Generated code: /Users/amanda/Documents/GitHub/Elektriska-gr/Labb6/Core/Inc/stm32l4xx_it.h
2026-02-26 15:12:33,877 [INFO] CodeEngine:265 - oldGeneratedFile, /Users/amanda/Documents/GitHub/Elektriska-gr/Labb6/Core/Src/stm32l4xx_hal_msp.c_save
2026-02-26 15:12:34,032 [INFO] CodeEngine:289 - Generated code: /Users/amanda/Documents/GitHub/Elektriska-gr/Labb6/Core/Src/stm32l4xx_hal_msp.c
2026-02-26 15:12:34,034 [INFO] CodeEngine:265 - oldGeneratedFile, /Users/amanda/Documents/GitHub/Elektriska-gr/Labb6/MXTmpFiles/system.tmp_save
2026-02-26 15:12:34,077 [INFO] CodeEngine:289 - Generated code: /Users/amanda/Documents/GitHub/Elektriska-gr/Labb6/MXTmpFiles/system.tmp
2026-02-26 15:12:34,083 [INFO] CodeEngine:321 - oldGeneratedFile, /Users/amanda/Documents/GitHub/Elektriska-gr/Labb6/Core/Inc/stm32l4xx_hal_conf.h_save
2026-02-26 15:12:34,133 [INFO] CodeEngine:345 - Generated code: /Users/amanda/Documents/GitHub/Elektriska-gr/Labb6/Core/Inc/stm32l4xx_hal_conf.h
2026-02-26 15:12:34,166 [INFO] ApiDbMcu:532 - Load IP Config File for ADC1
2026-02-26 15:12:34,174 [INFO] ApiDbMcu:532 - Load IP Config File for TIM2
2026-02-26 15:12:34,180 [INFO] ApiDbMcu:532 - Load IP Config File for USART2
2026-02-26 15:12:34,181 [INFO] ApiDbMcu:532 - Load IP Config File for RCC
2026-02-26 15:12:34,183 [WARN] IPConfigManager:3811 - IP not found : TIM
2026-02-26 15:12:34,183 [WARN] CodeGenerator:4259 - IP not found : null
2026-02-26 15:12:34,186 [INFO] CodeEngine:265 - oldGeneratedFile, /Users/amanda/Documents/GitHub/Elektriska-gr/Labb6/Core/Inc/main.h_save
2026-02-26 15:12:34,263 [INFO] CodeEngine:289 - Generated code: /Users/amanda/Documents/GitHub/Elektriska-gr/Labb6/Core/Inc/main.h
2026-02-26 15:12:34,265 [INFO] CodeEngine:265 - oldGeneratedFile, /Users/amanda/Documents/GitHub/Elektriska-gr/Labb6/Core/Src/main.c_save
2026-02-26 15:12:34,357 [INFO] CodeEngine:289 - Generated code: /Users/amanda/Documents/GitHub/Elektriska-gr/Labb6/Core/Src/main.c
2026-02-26 15:12:34,784 [INFO] ProjectBuilder:3606 - Time for Copy HAL[1] : 151mS.
2026-02-26 15:12:34,817 [INFO] ProjectBuilder:5216 - Project Generator version: 4.7.0-B52
2026-02-26 15:12:35,016 [INFO] ConfigFileManager:1595 - The Die is : DIE435
2026-02-26 15:12:35,035 [INFO] ApiDbMcu:532 - Load IP Config File for FATFS
2026-02-26 15:12:35,042 [INFO] ApiDbMcu:532 - Load IP Config File for FREERTOS
2026-02-26 15:12:35,048 [INFO] ApiDbMcu:532 - Load IP Config File for TOUCHSENSING
2026-02-26 15:12:35,056 [INFO] ApiDbMcu:532 - Load IP Config File for USB_DEVICE
2026-02-26 15:12:37,049 [INFO] ProjectBuilder:5496 - Time for Generating toolchain IDE Files: 2234mS.
2026-02-26 15:12:37,050 [INFO] ProjectBuilder:3463 - Time for Copy CMSIS : 0mS.
2026-02-26 15:12:37,051 [INFO] ProjectBuilder:3463 - Time for Copy CMSIS : 0mS.
2026-02-26 16:34:53,256 [INFO] NvicIntPanel:101 - NVIC parent = com.st.microxplorer.plugins.ip.nvic.MultiNvicIntPanel[,0,0,0x0,invalid,layout=javax.swing.BoxLayout,alignmentX=0.0,alignmentY=0.0,border=,flags=9,maximumSize=,minimumSize=,preferredSize=]
2026-02-26 16:35:16,363 [INFO] UtilMem:75 - End SaveConfig() Used Memory: 782867536 Bytes (1073741824)
2026-02-26 16:35:18,054 [INFO] UtilMem:75 - End SaveConfig() Used Memory: 804361296 Bytes (1073741824)
2026-02-26 16:35:21,655 [INFO] UtilMem:75 - End SaveConfig() Used Memory: 766641016 Bytes (1073741824)
2026-02-26 16:35:21,989 [INFO] BlockDiagram:2775 - set Specific Code input for plugin: NVIC
2026-02-26 16:35:21,990 [INFO] BlockDiagram:2775 - set Specific Code input for plugin: USART
2026-02-26 16:35:21,990 [INFO] BlockDiagram:2775 - set Specific Code input for plugin: TIM1_8L4
2026-02-26 16:35:21,990 [INFO] BlockDiagram:2775 - set Specific Code input for plugin: SYS
2026-02-26 16:35:21,990 [INFO] BlockDiagram:2775 - set Specific Code input for plugin: GPIO
2026-02-26 16:35:21,990 [INFO] BlockDiagram:2775 - set Specific Code input for plugin: ADC
2026-02-26 16:35:21,990 [INFO] BlockDiagram:2775 - set Specific Code input for plugin: RCC
2026-02-26 16:35:21,991 [INFO] CodeGenerator:892 - code generatio: config db path: /Applications/STM32CubeIDE.app/Contents/Eclipse/plugins/com.st.stm32cube.common.mx_6.15.0.202507011659//db/
2026-02-26 16:35:22,090 [INFO] CodeEngine:265 - oldGeneratedFile, /Users/amanda/Documents/GitHub/Elektriska-gr/Labb6/MXTmpFiles/license.tmp_save
2026-02-26 16:35:22,385 [INFO] CodeEngine:289 - Generated code: /Users/amanda/Documents/GitHub/Elektriska-gr/Labb6/MXTmpFiles/license.tmp
2026-02-26 16:35:22,439 [INFO] CodeEngine:265 - oldGeneratedFile, /Users/amanda/Documents/GitHub/Elektriska-gr/Labb6/MXTmpFiles/gpio.tmp_save
2026-02-26 16:35:22,574 [INFO] CodeEngine:289 - Generated code: /Users/amanda/Documents/GitHub/Elektriska-gr/Labb6/MXTmpFiles/gpio.tmp
2026-02-26 16:35:22,735 [INFO] CodeEngine:265 - oldGeneratedFile, /Users/amanda/Documents/GitHub/Elektriska-gr/Labb6/Core/Src/stm32l4xx_it.c_save
2026-02-26 16:35:22,930 [INFO] CodeEngine:289 - Generated code: /Users/amanda/Documents/GitHub/Elektriska-gr/Labb6/Core/Src/stm32l4xx_it.c
2026-02-26 16:35:22,932 [INFO] CodeEngine:265 - oldGeneratedFile, /Users/amanda/Documents/GitHub/Elektriska-gr/Labb6/Core/Inc/stm32l4xx_it.h_save
2026-02-26 16:35:23,009 [INFO] CodeEngine:289 - Generated code: /Users/amanda/Documents/GitHub/Elektriska-gr/Labb6/Core/Inc/stm32l4xx_it.h
2026-02-26 16:35:23,020 [INFO] CodeEngine:265 - oldGeneratedFile, /Users/amanda/Documents/GitHub/Elektriska-gr/Labb6/Core/Src/stm32l4xx_hal_msp.c_save
2026-02-26 16:35:23,173 [INFO] CodeEngine:289 - Generated code: /Users/amanda/Documents/GitHub/Elektriska-gr/Labb6/Core/Src/stm32l4xx_hal_msp.c
2026-02-26 16:35:23,177 [INFO] CodeEngine:265 - oldGeneratedFile, /Users/amanda/Documents/GitHub/Elektriska-gr/Labb6/MXTmpFiles/system.tmp_save
2026-02-26 16:35:23,251 [INFO] CodeEngine:289 - Generated code: /Users/amanda/Documents/GitHub/Elektriska-gr/Labb6/MXTmpFiles/system.tmp
2026-02-26 16:35:23,264 [INFO] CodeEngine:321 - oldGeneratedFile, /Users/amanda/Documents/GitHub/Elektriska-gr/Labb6/Core/Inc/stm32l4xx_hal_conf.h_save
2026-02-26 16:35:23,325 [INFO] CodeEngine:345 - Generated code: /Users/amanda/Documents/GitHub/Elektriska-gr/Labb6/Core/Inc/stm32l4xx_hal_conf.h
2026-02-26 16:35:23,345 [WARN] IPConfigManager:3811 - IP not found : TIM
2026-02-26 16:35:23,345 [WARN] CodeGenerator:4259 - IP not found : null
2026-02-26 16:35:23,349 [INFO] CodeEngine:265 - oldGeneratedFile, /Users/amanda/Documents/GitHub/Elektriska-gr/Labb6/Core/Inc/main.h_save
2026-02-26 16:35:23,466 [INFO] CodeEngine:289 - Generated code: /Users/amanda/Documents/GitHub/Elektriska-gr/Labb6/Core/Inc/main.h
2026-02-26 16:35:23,469 [INFO] CodeEngine:265 - oldGeneratedFile, /Users/amanda/Documents/GitHub/Elektriska-gr/Labb6/Core/Src/main.c_save
2026-02-26 16:35:23,563 [INFO] CodeEngine:289 - Generated code: /Users/amanda/Documents/GitHub/Elektriska-gr/Labb6/Core/Src/main.c
2026-02-26 16:35:24,135 [INFO] ProjectBuilder:3606 - Time for Copy HAL[1] : 77mS.
2026-02-26 16:35:24,152 [INFO] ProjectBuilder:5216 - Project Generator version: 4.7.0-B52
2026-02-26 16:35:24,329 [INFO] ConfigFileManager:1595 - The Die is : DIE435
2026-02-26 16:35:25,978 [INFO] ProjectBuilder:5496 - Time for Generating toolchain IDE Files: 1825mS.
2026-02-26 16:35:25,979 [INFO] ProjectBuilder:3463 - Time for Copy CMSIS : 0mS.
2026-02-26 16:35:25,980 [INFO] ProjectBuilder:3463 - Time for Copy CMSIS : 0mS.
2026-02-26 16:56:55,361 [INFO] WebApp:194 - Connection lost
2026-02-26 16:56:59,057 [INFO] WebApp:191 - Connection restablished
2026-02-26 16:57:32,100 [INFO] WebApp:194 - Connection lost
2026-02-26 16:57:36,375 [INFO] WebApp:191 - Connection restablished
2026-02-26 16:58:03,430 [INFO] WebApp:194 - Connection lost
2026-02-26 16:58:07,737 [INFO] WebApp:191 - Connection restablished
2026-02-26 16:59:08,036 [INFO] WebApp:194 - Connection lost
2026-02-26 16:59:12,521 [INFO] WebApp:191 - Connection restablished
2026-02-26 16:59:30,528 [INFO] WebApp:194 - Connection lost
2026-02-26 16:59:35,160 [INFO] WebApp:191 - Connection restablished
2026-02-26 17:00:28,167 [INFO] WebApp:194 - Connection lost
2026-02-26 17:00:32,814 [INFO] WebApp:191 - Connection restablished
2026-02-26 17:01:08,480 [INFO] WebApp:194 - Connection lost
2026-02-26 17:22:08,969 [INFO] WebApp:191 - Connection restablished
2026-02-26 17:22:14,119 [INFO] WebApp:194 - Connection lost
2026-02-26 17:22:46,676 [INFO] WebApp:191 - Connection restablished
2026-02-26 17:22:47,675 [INFO] WebApp:194 - Connection lost
2026-02-26 17:22:48,025 [INFO] WebApp:191 - Connection restablished
2026-02-26 17:38:00,443 [INFO] WebApp:194 - Connection lost
2026-02-26 17:38:00,671 [INFO] WebApp:191 - Connection restablished
2026-02-26 17:38:06,605 [INFO] WebApp:194 - Connection lost
2026-02-26 17:38:06,848 [INFO] WebApp:191 - Connection restablished
2026-02-26 17:54:45,519 [INFO] WebApp:194 - Connection lost
2026-02-26 17:54:45,735 [INFO] WebApp:191 - Connection restablished
2026-02-26 18:10:16,453 [INFO] WebApp:194 - Connection lost
2026-02-26 18:10:16,805 [INFO] WebApp:191 - Connection restablished
2026-02-26 18:25:19,443 [INFO] WebApp:194 - Connection lost
2026-02-26 18:25:19,706 [INFO] WebApp:191 - Connection restablished
2026-02-26 18:41:21,407 [INFO] WebApp:194 - Connection lost
2026-02-26 18:41:23,304 [INFO] WebApp:191 - Connection restablished
2026-02-26 18:53:23,400 [INFO] WebApp:194 - Connection lost
2026-02-26 18:53:24,444 [INFO] WebApp:191 - Connection restablished
2026-02-26 19:27:17,340 [INFO] WebApp:194 - Connection lost
2026-02-26 19:27:18,166 [INFO] WebApp:191 - Connection restablished
2026-02-26 19:44:22,383 [INFO] WebApp:194 - Connection lost
2026-02-26 19:44:23,139 [INFO] WebApp:191 - Connection restablished
2026-02-26 19:54:23,316 [INFO] WebApp:194 - Connection lost
2026-02-26 19:54:23,767 [INFO] WebApp:191 - Connection restablished
2026-02-26 20:09:31,289 [INFO] WebApp:194 - Connection lost
2026-02-26 20:09:32,066 [INFO] WebApp:191 - Connection restablished
2026-02-26 20:26:05,320 [INFO] WebApp:194 - Connection lost
2026-02-26 20:26:05,781 [INFO] WebApp:191 - Connection restablished
2026-02-26 20:41:19,372 [INFO] WebApp:194 - Connection lost
2026-02-26 20:41:19,822 [INFO] WebApp:191 - Connection restablished
2026-02-26 20:55:23,344 [INFO] WebApp:194 - Connection lost
2026-02-26 20:55:23,992 [INFO] WebApp:191 - Connection restablished
2026-02-26 21:12:54,455 [INFO] WebApp:194 - Connection lost
2026-02-26 21:12:55,018 [INFO] WebApp:191 - Connection restablished
2026-02-26 21:29:43,371 [INFO] WebApp:194 - Connection lost
2026-02-26 21:29:44,031 [INFO] WebApp:191 - Connection restablished
2026-02-26 21:46:58,408 [INFO] WebApp:194 - Connection lost
2026-02-26 21:46:58,885 [INFO] WebApp:191 - Connection restablished
2026-02-26 21:56:23,363 [INFO] WebApp:194 - Connection lost
2026-02-26 21:56:23,735 [INFO] WebApp:191 - Connection restablished
2026-02-26 22:12:32,349 [INFO] WebApp:194 - Connection lost
2026-02-26 22:12:32,851 [INFO] WebApp:191 - Connection restablished
2026-02-26 22:47:00,365 [INFO] WebApp:194 - Connection lost
2026-02-26 22:47:00,598 [INFO] WebApp:191 - Connection restablished
2026-02-26 23:13:46,382 [INFO] WebApp:194 - Connection lost
2026-02-26 23:13:46,664 [INFO] WebApp:191 - Connection restablished
2026-02-26 23:19:55,556 [INFO] WebApp:194 - Connection lost
2026-02-26 23:19:55,731 [INFO] WebApp:191 - Connection restablished
2026-02-26 23:35:36,377 [INFO] WebApp:194 - Connection lost
2026-02-26 23:35:36,642 [INFO] WebApp:191 - Connection restablished
2026-02-26 23:53:15,348 [INFO] WebApp:194 - Connection lost
2026-02-26 23:53:15,548 [INFO] WebApp:191 - Connection restablished
2026-02-26 23:58:23,316 [INFO] WebApp:194 - Connection lost
2026-02-26 23:58:23,785 [INFO] WebApp:191 - Connection restablished
